The decision affects the company .	[{'token': 'The', 'NER': 'O', 'pre_lemma_ud_path': 'affect_â†‘detâ†‘nsubj'}, {'token': 'decision', 'NER': 'O', 'pre_lemma_ud_path': 'affect_â†‘nsubj'}, {'token': 'affects', 'NER': 'O', 'pre_lemma_ud_path': 'affect_'}, {'token': 'the', 'NER': 'O', 'pre_lemma_ud_path': 'affect_â†‘detâ†‘dobj'}, {'token': 'company', 'NER': 'O', 'pre_lemma_ud_path': 'affect_â†‘dobj'}, {'token': '.', 'NER': 'O', 'pre_lemma_ud_path': 'affect_â†‘punct'}]	_,ARG0,_,_,_,_	_,ARG0,_,_,ARG1,_
He bought apples .	[{'token': 'He', 'NER': 'O', 'pre_lemma_ud_path': 'buy_â†‘nsubj'}, {'token': 'bought', 'NER': 'O', 'pre_lemma_ud_path': 'buy_'}, {'token': 'apples', 'NER': 'O', 'pre_lemma_ud_path': 'buy_â†‘dobj'}, {'token': '.', 'NER': 'O', 'pre_lemma_ud_path': 'buy_â†‘punct'}]	ARG0,_,_,_	ARG0,_,ARG1,_
She writes poems .	[{'token': 'She', 'NER': 'O', 'pre_lemma_ud_path': 'write_â†‘nsubj'}, {'token': 'writes', 'NER': 'O', 'pre_lemma_ud_path': 'write_'}, {'token': 'poems', 'NER': 'O', 'pre_lemma_ud_path': 'write_â†‘dobj'}, {'token': '.', 'NER': 'O', 'pre_lemma_ud_path': 'write_â†‘punct'}]	ARG0,_,_,_	ARG0,_,ARG1,_
They built houses .	[{'token': 'They', 'NER': 'O', 'pre_lemma_ud_path': 'build_â†‘nsubj'}, {'token': 'built', 'NER': 'O', 'pre_lemma_ud_path': 'build_'}, {'token': 'houses', 'NER': 'O', 'pre_lemma_ud_path': 'build_â†‘dobj'}, {'token': '.', 'NER': 'O', 'pre_lemma_ud_path': 'build_â†‘punct'}]	ARG0,_,_,_	ARG0,_,ARG1,_
We planted trees .	[{'token': 'We', 'NER': 'O', 'pre_lemma_ud_path': 'plant_â†‘nsubj'}, {'token': 'planted', 'NER': 'O', 'pre_lemma_ud_path': 'plant_'}, {'token': 'trees', 'NER': 'O', 'pre_lemma_ud_path': 'plant_â†‘dobj'}, {'token': '.', 'NER': 'O', 'pre_lemma_ud_path': 'plant_â†‘punct'}]	ARG0,_,_,_	_,_,_,_
I cooked dinner .	[{'token': 'I', 'NER': 'O', 'pre_lemma_ud_path': 'cook_â†‘nsubj'}, {'token': 'cooked', 'NER': 'O', 'pre_lemma_ud_path': 'cook_'}, {'token': 'dinner', 'NER': 'O', 'pre_lemma_ud_path': 'cook_â†‘dobj'}, {'token': '.', 'NER': 'O', 'pre_lemma_ud_path': 'cook_â†‘punct'}]	ARG0,_,_,_	_,_,_,_
You broke glasses .	[{'token': 'You', 'NER': 'O', 'pre_lemma_ud_path': 'break_â†‘nsubj'}, {'token': 'broke', 'NER': 'O', 'pre_lemma_ud_path': 'break_'}, {'token': 'glasses', 'NER': 'O', 'pre_lemma_ud_path': 'break_â†‘dobj'}, {'token': '.', 'NER': 'O', 'pre_lemma_ud_path': 'break_â†‘punct'}]	ARG0,_,_,_	ARG0,_,ARG1,_
He threw rocks .	[{'token': 'He', 'NER': 'O', 'pre_lemma_ud_path': 'throw_â†‘nsubj'}, {'token': 'threw', 'NER': 'O', 'pre_lemma_ud_path': 'throw_'}, {'token': 'rocks', 'NER': 'O', 'pre_lemma_ud_path': 'throw_â†‘dobj'}, {'token': '.', 'NER': 'O', 'pre_lemma_ud_path': 'throw_â†‘punct'}]	ARG0,_,_,_	ARG0,_,ARG1,_
She caught fish .	[{'token': 'She', 'NER': 'O', 'pre_lemma_ud_path': 'catch_â†‘nsubj'}, {'token': 'caught', 'NER': 'O', 'pre_lemma_ud_path': 'catch_'}, {'token': 'fish', 'NER': 'O', 'pre_lemma_ud_path': 'catch_â†‘dobj'}, {'token': '.', 'NER': 'O', 'pre_lemma_ud_path': 'catch_â†‘punct'}]	ARG0,_,_,_	ARG0,_,ARG1,_
They solved puzzles .	[{'token': 'They', 'NER': 'O', 'pre_lemma_ud_path': 'solve_â†‘nsubj'}, {'token': 'solved', 'NER': 'O', 'pre_lemma_ud_path': 'solve_'}, {'token': 'puzzles', 'NER': 'O', 'pre_lemma_ud_path': 'solve_â†‘dobj'}, {'token': '.', 'NER': 'O', 'pre_lemma_ud_path': 'solve_â†‘punct'}]	ARG0,_,_,_	ARG0,_,_,_
We sang songs .	[{'token': 'We', 'NER': 'O', 'pre_lemma_ud_path': 'sing_â†‘nsubj'}, {'token': 'sang', 'NER': 'O', 'pre_lemma_ud_path': 'sing_'}, {'token': 'songs', 'NER': 'O', 'pre_lemma_ud_path': 'sing_â†‘dobj'}, {'token': '.', 'NER': 'O', 'pre_lemma_ud_path': 'sing_â†‘punct'}]	ARG0,_,_,_	_,_,_,_
I saw birds .	[{'token': 'I', 'NER': 'O', 'pre_lemma_ud_path': 'see_â†‘nsubj'}, {'token': 'saw', 'NER': 'O', 'pre_lemma_ud_path': 'see_'}, {'token': 'birds', 'NER': 'O', 'pre_lemma_ud_path': 'see_â†‘dobj'}, {'token': '.', 'NER': 'O', 'pre_lemma_ud_path': 'see_â†‘punct'}]	ARG0,_,_,_	ARG0,_,ARG1,_
You made mistakes .	[{'token': 'You', 'NER': 'O', 'pre_lemma_ud_path': 'make_â†‘nsubj'}, {'token': 'made', 'NER': 'O', 'pre_lemma_ud_path': 'make_'}, {'token': 'mistakes', 'NER': 'O', 'pre_lemma_ud_path': 'make_â†‘dobj'}, {'token': '.', 'NER': 'O', 'pre_lemma_ud_path': 'make_â†‘punct'}]	ARG0,_,_,_	ARG0,_,ARG1,_
He likes cats .	[{'token': 'He', 'NER': 'O', 'pre_lemma_ud_path': 'like_â†‘nsubj'}, {'token': 'likes', 'NER': 'O', 'pre_lemma_ud_path': 'like_'}, {'token': 'cats', 'NER': 'O', 'pre_lemma_ud_path': 'like_â†‘dobj'}, {'token': '.', 'NER': 'O', 'pre_lemma_ud_path': 'like_â†‘punct'}]	ARG0,_,_,_	ARG0,_,ARG1,_
She hates spiders .	[{'token': 'She', 'NER': 'O', 'pre_lemma_ud_path': 'hat_â†‘nsubj'}, {'token': 'hates', 'NER': 'O', 'pre_lemma_ud_path': 'hat_'}, {'token': 'spiders', 'NER': 'O', 'pre_lemma_ud_path': 'hat_â†‘dobj'}, {'token': '.', 'NER': 'O', 'pre_lemma_ud_path': 'hat_â†‘punct'}]	ARG0,_,_,_	ARG0,_,ARG1,_
They need water .	[{'token': 'They', 'NER': 'O', 'pre_lemma_ud_path': 'need_â†‘nsubj'}, {'token': 'need', 'NER': 'O', 'pre_lemma_ud_path': 'need_'}, {'token': 'water', 'NER': 'O', 'pre_lemma_ud_path': 'need_â†‘dobj'}, {'token': '.', 'NER': 'O', 'pre_lemma_ud_path': 'need_â†‘punct'}]	ARG0,_,_,_	ARG0,_,ARG1,_
We want peace .	[{'token': 'We', 'NER': 'O', 'pre_lemma_ud_path': 'want_â†‘nsubj'}, {'token': 'want', 'NER': 'O', 'pre_lemma_ud_path': 'want_'}, {'token': 'peace', 'NER': 'O', 'pre_lemma_ud_path': 'want_â†‘dobj'}, {'token': '.', 'NER': 'O', 'pre_lemma_ud_path': 'want_â†‘punct'}]	ARG0,_,_,_	ARG0,_,ARG1,_
I heard noises .	[{'token': 'I', 'NER': 'O', 'pre_lemma_ud_path': 'hear_â†‘nsubj'}, {'token': 'heard', 'NER': 'O', 'pre_lemma_ud_path': 'hear_'}, {'token': 'noises', 'NER': 'O', 'pre_lemma_ud_path': 'hear_â†‘dobj'}, {'token': '.', 'NER': 'O', 'pre_lemma_ud_path': 'hear_â†‘punct'}]	ARG0,_,_,_	ARG0,_,_,_
You felt pain .	[{'token': 'You', 'NER': 'O', 'pre_lemma_ud_path': 'feel_â†‘nsubj'}, {'token': 'felt', 'NER': 'O', 'pre_lemma_ud_path': 'feel_'}, {'token': 'pain', 'NER': 'O', 'pre_lemma_ud_path': 'feel_â†‘dobj'}, {'token': '.', 'NER': 'O', 'pre_lemma_ud_path': 'feel_â†‘punct'}]	ARG0,_,_,_	ARG0,_,ARG1,_
He smelled smoke .	[{'token': 'He', 'NER': 'O', 'pre_lemma_ud_path': 'smell_â†‘nsubj'}, {'token': 'smelled', 'NER': 'O', 'pre_lemma_ud_path': 'smell_'}, {'token': 'smoke', 'NER': 'O', 'pre_lemma_ud_path': 'smell_â†‘dobj'}, {'token': '.', 'NER': 'O', 'pre_lemma_ud_path': 'smell_â†‘punct'}]	ARG0,_,_,_	ARG0,_,_,_
She tasted salt .	[{'token': 'She', 'NER': 'O', 'pre_lemma_ud_path': 'taste_â†‘nsubj'}, {'token': 'tasted', 'NER': 'O', 'pre_lemma_ud_path': 'taste_'}, {'token': 'salt', 'NER': 'O', 'pre_lemma_ud_path': 'taste_â†‘dobj'}, {'token': '.', 'NER': 'O', 'pre_lemma_ud_path': 'taste_â†‘punct'}]	ARG0,_,_,_	ARG1,_,_,_
The dog chased a cat .	[{'token': 'The', 'NER': 'O', 'pre_lemma_ud_path': 'chase_â†‘detâ†‘nsubj'}, {'token': 'dog', 'NER': 'O', 'pre_lemma_ud_path': 'chase_â†‘nsubj'}, {'token': 'chased', 'NER': 'O', 'pre_lemma_ud_path': 'chase_'}, {'token': 'a', 'NER': 'O', 'pre_lemma_ud_path': 'chase_â†‘detâ†‘dobj'}, {'token': 'cat', 'NER': 'O', 'pre_lemma_ud_path': 'chase_â†‘dobj'}, {'token': '.', 'NER': 'O', 'pre_lemma_ud_path': 'chase_â†‘punct'}]	_,ARG0,_,_,_,_	_,_,_,_,ARG1,_
A boy kicked the ball .	[{'token': 'A', 'NER': 'O', 'pre_lemma_ud_path': 'kick_â†‘detâ†‘nsubj'}, {'token': 'boy', 'NER': 'O', 'pre_lemma_ud_path': 'kick_â†‘nsubj'}, {'token': 'kicked', 'NER': 'O', 'pre_lemma_ud_path': 'kick_'}, {'token': 'the', 'NER': 'O', 'pre_lemma_ud_path': 'kick_â†‘detâ†‘dobj'}, {'token': 'ball', 'NER': 'O', 'pre_lemma_ud_path': 'kick_â†‘dobj'}, {'token': '.', 'NER': 'O', 'pre_lemma_ud_path': 'kick_â†‘punct'}]	_,ARG0,_,_,_,_	_,_,_,_,_,_
The girl read books .	[{'token': 'The', 'NER': 'O', 'pre_lemma_ud_path': 'read_â†‘detâ†‘nsubj'}, {'token': 'girl', 'NER': 'O', 'pre_lemma_ud_path': 'read_â†‘nsubj'}, {'token': 'read', 'NER': 'O', 'pre_lemma_ud_path': 'read_'}, {'token': 'books', 'NER': 'O', 'pre_lemma_ud_path': 'read_â†‘dobj'}, {'token': '.', 'NER': 'O', 'pre_lemma_ud_path': 'read_â†‘punct'}]	_,ARG0,_,_,_	_,ARG0,_,ARG1,_
A man drove trucks .	[{'token': 'A', 'NER': 'O', 'pre_lemma_ud_path': 'drive_â†‘detâ†‘nsubj'}, {'token': 'man', 'NER': 'O', 'pre_lemma_ud_path': 'drive_â†‘nsubj'}, {'token': 'drove', 'NER': 'O', 'pre_lemma_ud_path': 'drive_'}, {'token': 'trucks', 'NER': 'O', 'pre_lemma_ud_path': 'drive_â†‘dobj'}, {'token': '.', 'NER': 'O', 'pre_lemma_ud_path': 'drive_â†‘punct'}]	_,ARG0,_,_,_	_,ARG0,_,ARG1,_
The chef baked cakes .	[{'token': 'The', 'NER': 'O', 'pre_lemma_ud_path': 'bake_â†‘detâ†“amod'}, {'token': 'chef', 'NER': 'O', 'pre_lemma_ud_path': 'bake_â†‘nmodâ†“amod'}, {'token': 'baked', 'NER': 'O', 'pre_lemma_ud_path': 'bake_'}, {'token': 'cakes', 'NER': 'O', 'pre_lemma_ud_path': 'bake_â†“amod'}, {'token': '.', 'NER': 'O', 'pre_lemma_ud_path': 'bake_â†‘punctâ†“amod'}]	_,ARG0,_,_,_	_,_,_,_,_
A bird built nests .	[{'token': 'A', 'NER': 'O', 'pre_lemma_ud_path': 'build_â†‘detâ†‘nsubj'}, {'token': 'bird', 'NER': 'O', 'pre_lemma_ud_path': 'build_â†‘nsubj'}, {'token': 'built', 'NER': 'O', 'pre_lemma_ud_path': 'build_'}, {'token': 'nests', 'NER': 'O', 'pre_lemma_ud_path': 'build_â†‘dobj'}, {'token': '.', 'NER': 'O', 'pre_lemma_ud_path': 'build_â†‘punct'}]	_,ARG0,_,_,_	_,ARG0,_,ARG1,_
The teacher taught math .	[{'token': 'The', 'NER': 'O', 'pre_lemma_ud_path': 'teach_â†‘detâ†‘nsubj'}, {'token': 'teacher', 'NER': 'O', 'pre_lemma_ud_path': 'teach_â†‘nsubj'}, {'token': 'taught', 'NER': 'O', 'pre_lemma_ud_path': 'teach_'}, {'token': 'math', 'NER': 'O', 'pre_lemma_ud_path': 'teach_â†‘dobj'}, {'token': '.', 'NER': 'O', 'pre_lemma_ud_path': 'teach_â†‘punct'}]	_,ARG0,_,_,_	_,_,_,_,_
A doctor cured patients .	[{'token': 'A', 'NER': 'O', 'pre_lemma_ud_path': 'cure_â†‘detâ†‘nsubj'}, {'token': 'doctor', 'NER': 'O', 'pre_lemma_ud_path': 'cure_â†‘nsubj'}, {'token': 'cured', 'NER': 'O', 'pre_lemma_ud_path': 'cure_'}, {'token': 'patients', 'NER': 'O', 'pre_lemma_ud_path': 'cure_â†‘dobj'}, {'token': '.', 'NER': 'O', 'pre_lemma_ud_path': 'cure_â†‘punct'}]	_,ARG0,_,_,_	_,_,_,_,_
The farmer grew crops .	[{'token': 'The', 'NER': 'O', 'pre_lemma_ud_path': 'grow_â†‘detâ†‘nsubj'}, {'token': 'farmer', 'NER': 'O', 'pre_lemma_ud_path': 'grow_â†‘nsubj'}, {'token': 'grew', 'NER': 'O', 'pre_lemma_ud_path': 'grow_'}, {'token': 'crops', 'NER': 'O', 'pre_lemma_ud_path': 'grow_â†‘dobj'}, {'token': '.', 'NER': 'O', 'pre_lemma_ud_path': 'grow_â†‘punct'}]	_,ARG0,_,_,_	_,ARG1,_,_,_
A kid ate candy .	[{'token': 'A', 'NER': 'O', 'pre_lemma_ud_path': 'eat_â†‘detâ†‘nsubj'}, {'token': 'kid', 'NER': 'O', 'pre_lemma_ud_path': 'eat_â†‘nsubj'}, {'token': 'ate', 'NER': 'O', 'pre_lemma_ud_path': 'eat_'}, {'token': 'candy', 'NER': 'O', 'pre_lemma_ud_path': 'eat_â†‘dobj'}, {'token': '.', 'NER': 'O', 'pre_lemma_ud_path': 'eat_â†‘punct'}]	_,ARG0,_,_,_	_,ARG0,_,ARG1,_
The bear caught fish .	[{'token': 'The', 'NER': 'O', 'pre_lemma_ud_path': 'catch_â†‘detâ†‘nsubj'}, {'token': 'bear', 'NER': 'O', 'pre_lemma_ud_path': 'catch_â†‘nsubj'}, {'token': 'caught', 'NER': 'O', 'pre_lemma_ud_path': 'catch_'}, {'token': 'fish', 'NER': 'O', 'pre_lemma_ud_path': 'catch_â†‘dobj'}, {'token': '.', 'NER': 'O', 'pre_lemma_ud_path': 'catch_â†‘punct'}]	_,ARG0,_,_,_	_,ARG0,_,ARG1,_
A spider spins webs .	[{'token': 'A', 'NER': 'O', 'pre_lemma_ud_path': 'spin_â†‘detâ†‘nsubj'}, {'token': 'spider', 'NER': 'O', 'pre_lemma_ud_path': 'spin_â†‘nsubj'}, {'token': 'spins', 'NER': 'O', 'pre_lemma_ud_path': 'spin_'}, {'token': 'webs', 'NER': 'O', 'pre_lemma_ud_path': 'spin_â†‘dobj'}, {'token': '.', 'NER': 'O', 'pre_lemma_ud_path': 'spin_â†‘punct'}]	_,ARG0,_,_,_	_,_,_,_,_
The author wrote novels .	[{'token': 'The', 'NER': 'O', 'pre_lemma_ud_path': 'write_â†‘detâ†‘nsubj'}, {'token': 'author', 'NER': 'O', 'pre_lemma_ud_path': 'write_â†‘nsubj'}, {'token': 'wrote', 'NER': 'O', 'pre_lemma_ud_path': 'write_'}, {'token': 'novels', 'NER': 'O', 'pre_lemma_ud_path': 'write_â†‘dobj'}, {'token': '.', 'NER': 'O', 'pre_lemma_ud_path': 'write_â†‘punct'}]	_,ARG0,_,_,_	_,ARG0,_,ARG1,_
A student passed exams .	[{'token': 'A', 'NER': 'O', 'pre_lemma_ud_path': 'pass_â†‘detâ†‘nsubj'}, {'token': 'student', 'NER': 'O', 'pre_lemma_ud_path': 'pass_â†‘nsubj'}, {'token': 'passed', 'NER': 'O', 'pre_lemma_ud_path': 'pass_'}, {'token': 'exams', 'NER': 'O', 'pre_lemma_ud_path': 'pass_â†‘dobj'}, {'token': '.', 'NER': 'O', 'pre_lemma_ud_path': 'pass_â†‘punct'}]	_,ARG0,_,_,_	_,ARG1,_,ARG1,_
The player scored goals .	[{'token': 'The', 'NER': 'O', 'pre_lemma_ud_path': 'score_â†‘detâ†‘nsubj'}, {'token': 'player', 'NER': 'O', 'pre_lemma_ud_path': 'score_â†‘nsubj'}, {'token': 'scored', 'NER': 'O', 'pre_lemma_ud_path': 'score_'}, {'token': 'goals', 'NER': 'O', 'pre_lemma_ud_path': 'score_â†‘dobj'}, {'token': '.', 'NER': 'O', 'pre_lemma_ud_path': 'score_â†‘punct'}]	_,ARG0,_,_,_	_,_,_,_,_
A programmer typed code .	[{'token': 'A', 'NER': 'O', 'pre_lemma_ud_path': 'type_â†‘detâ†‘nsubj'}, {'token': 'programmer', 'NER': 'O', 'pre_lemma_ud_path': 'type_â†‘nsubj'}, {'token': 'typed', 'NER': 'O', 'pre_lemma_ud_path': 'type_'}, {'token': 'code', 'NER': 'O', 'pre_lemma_ud_path': 'type_â†‘dobj'}, {'token': '.', 'NER': 'O', 'pre_lemma_ud_path': 'type_â†‘punct'}]	_,ARG0,_,_,_	_,_,_,_,_
The artist drew faces .	[{'token': 'The', 'NER': 'O', 'pre_lemma_ud_path': 'draw_â†‘detâ†‘nsubj'}, {'token': 'artist', 'NER': 'O', 'pre_lemma_ud_path': 'draw_â†‘nsubj'}, {'token': 'drew', 'NER': 'O', 'pre_lemma_ud_path': 'draw_'}, {'token': 'faces', 'NER': 'O', 'pre_lemma_ud_path': 'draw_â†‘dobj'}, {'token': '.', 'NER': 'O', 'pre_lemma_ud_path': 'draw_â†‘punct'}]	_,ARG0,_,_,_	_,ARG0,_,_,_
A cleaner swept floors .	[{'token': 'A', 'NER': 'O', 'pre_lemma_ud_path': 'sweep_â†‘detâ†“amod'}, {'token': 'cleaner', 'NER': 'O', 'pre_lemma_ud_path': 'sweep_â†‘amodâ†“amod'}, {'token': 'swept', 'NER': 'O', 'pre_lemma_ud_path': 'sweep_'}, {'token': 'floors', 'NER': 'O', 'pre_lemma_ud_path': 'sweep_â†“amod'}, {'token': '.', 'NER': 'O', 'pre_lemma_ud_path': 'sweep_â†‘punctâ†“amod'}]	_,ARG0,_,_,_	_,_,_,_,_
The baby drank milk .	[{'token': 'The', 'NER': 'O', 'pre_lemma_ud_path': 'drink_â†‘detâ†‘nsubj'}, {'token': 'baby', 'NER': 'O', 'pre_lemma_ud_path': 'drink_â†‘nsubj'}, {'token': 'drank', 'NER': 'O', 'pre_lemma_ud_path': 'drink_'}, {'token': 'milk', 'NER': 'O', 'pre_lemma_ud_path': 'drink_â†‘dobj'}, {'token': '.', 'NER': 'O', 'pre_lemma_ud_path': 'drink_â†‘punct'}]	_,ARG0,_,_,_	_,_,_,_,_
A machine washes clothes .	[{'token': 'A', 'NER': 'O', 'pre_lemma_ud_path': 'wash_â†‘detâ†‘nsubj'}, {'token': 'machine', 'NER': 'O', 'pre_lemma_ud_path': 'wash_â†‘nsubj'}, {'token': 'washes', 'NER': 'O', 'pre_lemma_ud_path': 'wash_'}, {'token': 'clothes', 'NER': 'O', 'pre_lemma_ud_path': 'wash_â†‘dobj'}, {'token': '.', 'NER': 'O', 'pre_lemma_ud_path': 'wash_â†‘punct'}]	_,ARG0,_,_,_	_,_,_,_,_
The dog bit the mailman .	[{'token': 'The', 'NER': 'O', 'pre_lemma_ud_path': 'bite_â†‘detâ†‘nsubj'}, {'token': 'dog', 'NER': 'O', 'pre_lemma_ud_path': 'bite_â†‘nsubj'}, {'token': 'bit', 'NER': 'O', 'pre_lemma_ud_path': 'bite_'}, {'token': 'the', 'NER': 'O', 'pre_lemma_ud_path': 'bite_â†‘detâ†‘dobj'}, {'token': 'mailman', 'NER': 'O', 'pre_lemma_ud_path': 'bite_â†‘dobj'}, {'token': '.', 'NER': 'O', 'pre_lemma_ud_path': 'bite_â†‘punct'}]	_,ARG0,_,_,_,_	_,ARG0,_,_,ARG1,_
A cat scratched the furniture .	[{'token': 'A', 'NER': 'O', 'pre_lemma_ud_path': 'scratch_â†‘detâ†‘nsubj'}, {'token': 'cat', 'NER': 'O', 'pre_lemma_ud_path': 'scratch_â†‘nsubj'}, {'token': 'scratched', 'NER': 'O', 'pre_lemma_ud_path': 'scratch_'}, {'token': 'the', 'NER': 'O', 'pre_lemma_ud_path': 'scratch_â†‘detâ†‘dobj'}, {'token': 'furniture', 'NER': 'O', 'pre_lemma_ud_path': 'scratch_â†‘dobj'}, {'token': '.', 'NER': 'O', 'pre_lemma_ud_path': 'scratch_â†‘punct'}]	_,ARG0,_,_,_,_	_,_,_,_,_,_
The wind blew the leaves .	[{'token': 'The', 'NER': 'O', 'pre_lemma_ud_path': 'blow_â†‘detâ†‘nsubj'}, {'token': 'wind', 'NER': 'O', 'pre_lemma_ud_path': 'blow_â†‘nsubj'}, {'token': 'blew', 'NER': 'O', 'pre_lemma_ud_path': 'blow_'}, {'token': 'the', 'NER': 'O', 'pre_lemma_ud_path': 'blow_â†‘detâ†‘dobj'}, {'token': 'leaves', 'NER': 'O', 'pre_lemma_ud_path': 'blow_â†‘dobj'}, {'token': '.', 'NER': 'O', 'pre_lemma_ud_path': 'blow_â†‘punct'}]	_,ARG0,_,_,_,_	_,ARG1,_,_,ARG1,_
A storm destroyed the town .	[{'token': 'A', 'NER': 'O', 'pre_lemma_ud_path': 'destroy_â†‘detâ†‘nsubj'}, {'token': 'storm', 'NER': 'O', 'pre_lemma_ud_path': 'destroy_â†‘nsubj'}, {'token': 'destroyed', 'NER': 'O', 'pre_lemma_ud_path': 'destroy_'}, {'token': 'the', 'NER': 'O', 'pre_lemma_ud_path': 'destroy_â†‘detâ†‘dobj'}, {'token': 'town', 'NER': 'O', 'pre_lemma_ud_path': 'destroy_â†‘dobj'}, {'token': '.', 'NER': 'O', 'pre_lemma_ud_path': 'destroy_â†‘punct'}]	_,ARG0,_,_,_,_	_,_,_,_,_,_
The sun melted the ice .	[{'token': 'The', 'NER': 'O', 'pre_lemma_ud_path': 'melt_â†‘detâ†‘nsubj'}, {'token': 'sun', 'NER': 'O', 'pre_lemma_ud_path': 'melt_â†‘nsubj'}, {'token': 'melted', 'NER': 'O', 'pre_lemma_ud_path': 'melt_'}, {'token': 'the', 'NER': 'O', 'pre_lemma_ud_path': 'melt_â†‘detâ†‘dobj'}, {'token': 'ice', 'NER': 'O', 'pre_lemma_ud_path': 'melt_â†‘dobj'}, {'token': '.', 'NER': 'O', 'pre_lemma_ud_path': 'melt_â†‘punct'}]	_,ARG0,_,_,_,_	_,_,_,_,_,_
A fire burned the forest .	[{'token': 'A', 'NER': 'O', 'pre_lemma_ud_path': 'burn_â†‘detâ†‘nsubj'}, {'token': 'fire', 'NER': 'O', 'pre_lemma_ud_path': 'burn_â†‘nsubj'}, {'token': 'burned', 'NER': 'O', 'pre_lemma_ud_path': 'burn_'}, {'token': 'the', 'NER': 'O', 'pre_lemma_ud_path': 'burn_â†‘detâ†‘dobj'}, {'token': 'forest', 'NER': 'O', 'pre_lemma_ud_path': 'burn_â†‘dobj'}, {'token': '.', 'NER': 'O', 'pre_lemma_ud_path': 'burn_â†‘punct'}]	_,ARG0,_,_,_,_	_,_,_,_,_,_
The river flooded the valley .	[{'token': 'The', 'NER': 'O', 'pre_lemma_ud_path': 'flood_â†‘detâ†‘nsubj'}, {'token': 'river', 'NER': 'O', 'pre_lemma_ud_path': 'flood_â†‘nsubj'}, {'token': 'flooded', 'NER': 'O', 'pre_lemma_ud_path': 'flood_'}, {'token': 'the', 'NER': 'O', 'pre_lemma_ud_path': 'flood_â†‘detâ†‘dobj'}, {'token': 'valley', 'NER': 'O', 'pre_lemma_ud_path': 'flood_â†‘dobj'}, {'token': '.', 'NER': 'O', 'pre_lemma_ud_path': 'flood_â†‘punct'}]	_,ARG0,_,_,_,_	_,_,_,_,_,_
A thief stole the money .	[{'token': 'A', 'NER': 'O', 'pre_lemma_ud_path': 'steal_â†‘detâ†‘nsubj'}, {'token': 'thief', 'NER': 'O', 'pre_lemma_ud_path': 'steal_â†‘nsubj'}, {'token': 'stole', 'NER': 'O', 'pre_lemma_ud_path': 'steal_'}, {'token': 'the', 'NER': 'O', 'pre_lemma_ud_path': 'steal_â†‘detâ†‘dobj'}, {'token': 'money', 'NER': 'O', 'pre_lemma_ud_path': 'steal_â†‘dobj'}, {'token': '.', 'NER': 'O', 'pre_lemma_ud_path': 'steal_â†‘punct'}]	_,ARG0,_,_,_,_	_,_,_,_,ARG1,_
The police caught the suspect .	[{'token': 'The', 'NER': 'O', 'pre_lemma_ud_path': 'catch_â†‘detâ†‘nsubj'}, {'token': 'police', 'NER': 'O', 'pre_lemma_ud_path': 'catch_â†‘nsubj'}, {'token': 'caught', 'NER': 'O', 'pre_lemma_ud_path': 'catch_'}, {'token': 'the', 'NER': 'O', 'pre_lemma_ud_path': 'catch_â†‘detâ†‘dobj'}, {'token': 'suspect', 'NER': 'O', 'pre_lemma_ud_path': 'catch_â†‘dobj'}, {'token': '.', 'NER': 'O', 'pre_lemma_ud_path': 'catch_â†‘punct'}]	_,ARG0,_,_,_,_	_,ARG0,_,_,ARG1,_
A judge sentenced the criminal .	[{'token': 'A', 'NER': 'O', 'pre_lemma_ud_path': 'sentence_â†‘detâ†‘nsubj'}, {'token': 'judge', 'NER': 'O', 'pre_lemma_ud_path': 'sentence_â†‘nsubj'}, {'token': 'sentenced', 'NER': 'O', 'pre_lemma_ud_path': 'sentence_'}, {'token': 'the', 'NER': 'O', 'pre_lemma_ud_path': 'sentence_â†‘detâ†‘dobj'}, {'token': 'criminal', 'NER': 'O', 'pre_lemma_ud_path': 'sentence_â†‘dobj'}, {'token': '.', 'NER': 'O', 'pre_lemma_ud_path': 'sentence_â†‘punct'}]	_,ARG0,_,_,_,_	_,_,_,_,_,_
The jury reached a verdict .	[{'token': 'The', 'NER': 'O', 'pre_lemma_ud_path': 'reach_â†‘detâ†‘nsubj'}, {'token': 'jury', 'NER': 'O', 'pre_lemma_ud_path': 'reach_â†‘nsubj'}, {'token': 'reached', 'NER': 'O', 'pre_lemma_ud_path': 'reach_'}, {'token': 'a', 'NER': 'O', 'pre_lemma_ud_path': 'reach_â†‘detâ†‘dobj'}, {'token': 'verdict', 'NER': 'O', 'pre_lemma_ud_path': 'reach_â†‘dobj'}, {'token': '.', 'NER': 'O', 'pre_lemma_ud_path': 'reach_â†‘punct'}]	_,ARG0,_,_,_,_	_,_,_,_,ARG1,_
A lawyer argued the case .	[{'token': 'A', 'NER': 'O', 'pre_lemma_ud_path': 'argue_â†‘detâ†‘nsubj'}, {'token': 'lawyer', 'NER': 'O', 'pre_lemma_ud_path': 'argue_â†‘nsubj'}, {'token': 'argued', 'NER': 'O', 'pre_lemma_ud_path': 'argue_'}, {'token': 'the', 'NER': 'O', 'pre_lemma_ud_path': 'argue_â†‘detâ†‘dobj'}, {'token': 'case', 'NER': 'O', 'pre_lemma_ud_path': 'argue_â†‘dobj'}, {'token': '.', 'NER': 'O', 'pre_lemma_ud_path': 'argue_â†‘punct'}]	_,ARG0,_,_,_,_	_,ARG0,_,_,_,_
The mayor signed the bill .	[{'token': 'The', 'NER': 'O', 'pre_lemma_ud_path': 'sign_â†‘detâ†‘nsubj'}, {'token': 'mayor', 'NER': 'O', 'pre_lemma_ud_path': 'sign_â†‘nsubj'}, {'token': 'signed', 'NER': 'O', 'pre_lemma_ud_path': 'sign_'}, {'token': 'the', 'NER': 'O', 'pre_lemma_ud_path': 'sign_â†‘detâ†‘dobj'}, {'token': 'bill', 'NER': 'O', 'pre_lemma_ud_path': 'sign_â†‘dobj'}, {'token': '.', 'NER': 'O', 'pre_lemma_ud_path': 'sign_â†‘punct'}]	_,ARG0,_,_,_,_	_,_,_,_,ARG1,_
A citizen cast a vote .	[{'token': 'A', 'NER': 'O', 'pre_lemma_ud_path': 'cast_â†‘detâ†‘nsubj'}, {'token': 'citizen', 'NER': 'O', 'pre_lemma_ud_path': 'cast_â†‘nsubj'}, {'token': 'cast', 'NER': 'O', 'pre_lemma_ud_path': 'cast_'}, {'token': 'a', 'NER': 'O', 'pre_lemma_ud_path': 'cast_â†‘detâ†‘dobj'}, {'token': 'vote', 'NER': 'O', 'pre_lemma_ud_path': 'cast_â†‘dobj'}, {'token': '.', 'NER': 'O', 'pre_lemma_ud_path': 'cast_â†‘punct'}]	_,ARG0,_,_,_,_	_,_,_,_,_,_
The manager hired the applicant .	[{'token': 'The', 'NER': 'O', 'pre_lemma_ud_path': 'hire_â†‘detâ†‘nsubj'}, {'token': 'manager', 'NER': 'O', 'pre_lemma_ud_path': 'hire_â†‘nsubj'}, {'token': 'hired', 'NER': 'O', 'pre_lemma_ud_path': 'hire_'}, {'token': 'the', 'NER': 'O', 'pre_lemma_ud_path': 'hire_â†‘detâ†‘dobj'}, {'token': 'applicant', 'NER': 'O', 'pre_lemma_ud_path': 'hire_â†‘dobj'}, {'token': '.', 'NER': 'O', 'pre_lemma_ud_path': 'hire_â†‘punct'}]	_,ARG0,_,_,_,_	_,_,_,_,ARG1,_
A customer bought the product .	[{'token': 'A', 'NER': 'O', 'pre_lemma_ud_path': 'buy_â†‘detâ†‘nsubj'}, {'token': 'customer', 'NER': 'O', 'pre_lemma_ud_path': 'buy_â†‘nsubj'}, {'token': 'bought', 'NER': 'O', 'pre_lemma_ud_path': 'buy_'}, {'token': 'the', 'NER': 'O', 'pre_lemma_ud_path': 'buy_â†‘detâ†‘dobj'}, {'token': 'product', 'NER': 'O', 'pre_lemma_ud_path': 'buy_â†‘dobj'}, {'token': '.', 'NER': 'O', 'pre_lemma_ud_path': 'buy_â†‘punct'}]	_,ARG0,_,_,_,_	_,_,_,_,ARG1,_
The waiter served the food .	[{'token': 'The', 'NER': 'O', 'pre_lemma_ud_path': 'serve_â†‘detâ†‘nsubj'}, {'token': 'waiter', 'NER': 'O', 'pre_lemma_ud_path': 'serve_â†‘nsubj'}, {'token': 'served', 'NER': 'O', 'pre_lemma_ud_path': 'serve_'}, {'token': 'the', 'NER': 'O', 'pre_lemma_ud_path': 'serve_â†‘detâ†‘dobj'}, {'token': 'food', 'NER': 'O', 'pre_lemma_ud_path': 'serve_â†‘dobj'}, {'token': '.', 'NER': 'O', 'pre_lemma_ud_path': 'serve_â†‘punct'}]	_,ARG0,_,_,_,_	_,ARG0,_,_,ARG1,_
A mechanic fixed the car .	[{'token': 'A', 'NER': 'O', 'pre_lemma_ud_path': 'fix_â†‘detâ†‘nsubj'}, {'token': 'mechanic', 'NER': 'O', 'pre_lemma_ud_path': 'fix_â†‘nsubj'}, {'token': 'fixed', 'NER': 'O', 'pre_lemma_ud_path': 'fix_'}, {'token': 'the', 'NER': 'O', 'pre_lemma_ud_path': 'fix_â†‘detâ†‘dobj'}, {'token': 'car', 'NER': 'O', 'pre_lemma_ud_path': 'fix_â†‘dobj'}, {'token': '.', 'NER': 'O', 'pre_lemma_ud_path': 'fix_â†‘punct'}]	_,ARG0,_,_,_,_	_,ARG1,_,_,ARG1,_
The pilot flew the plane .	[{'token': 'The', 'NER': 'O', 'pre_lemma_ud_path': 'fly_â†‘detâ†‘nsubj'}, {'token': 'pilot', 'NER': 'O', 'pre_lemma_ud_path': 'fly_â†‘nsubj'}, {'token': 'flew', 'NER': 'O', 'pre_lemma_ud_path': 'fly_'}, {'token': 'the', 'NER': 'O', 'pre_lemma_ud_path': 'fly_â†‘detâ†‘dobj'}, {'token': 'plane', 'NER': 'O', 'pre_lemma_ud_path': 'fly_â†‘dobj'}, {'token': '.', 'NER': 'O', 'pre_lemma_ud_path': 'fly_â†‘punct'}]	_,ARG0,_,_,_,_	_,_,_,_,ARG1,_
A driver parked the vehicle .	[{'token': 'A', 'NER': 'O', 'pre_lemma_ud_path': 'park_â†‘detâ†‘nsubj'}, {'token': 'driver', 'NER': 'O', 'pre_lemma_ud_path': 'park_â†‘nsubj'}, {'token': 'parked', 'NER': 'O', 'pre_lemma_ud_path': 'park_'}, {'token': 'the', 'NER': 'O', 'pre_lemma_ud_path': 'park_â†‘detâ†‘dobj'}, {'token': 'vehicle', 'NER': 'O', 'pre_lemma_ud_path': 'park_â†‘dobj'}, {'token': '.', 'NER': 'O', 'pre_lemma_ud_path': 'park_â†‘punct'}]	_,ARG0,_,_,_,_	_,_,_,_,_,_
John walked to the store .	[{'token': 'John', 'NER': 'PERSON', 'pre_lemma_ud_path': 'walk_â†‘nsubj'}, {'token': 'walked', 'NER': 'O', 'pre_lemma_ud_path': 'walk_'}, {'token': 'to', 'NER': 'O', 'pre_lemma_ud_path': 'walk_â†‘prep'}, {'token': 'the', 'NER': 'O', 'pre_lemma_ud_path': 'walk_â†‘detâ†‘pobjâ†‘prep'}, {'token': 'store', 'NER': 'O', 'pre_lemma_ud_path': 'walk_â†‘pobjâ†‘prep'}, {'token': '.', 'NER': 'O', 'pre_lemma_ud_path': 'walk_â†‘punct'}]	ARG0,_,_,_,_,_	ARG0,_,_,_,ARG2,_
Mary ran across the street .	[{'token': 'Mary', 'NER': 'PERSON', 'pre_lemma_ud_path': 'run_â†‘nsubj'}, {'token': 'ran', 'NER': 'O', 'pre_lemma_ud_path': 'run_'}, {'token': 'across', 'NER': 'O', 'pre_lemma_ud_path': 'run_â†‘prep'}, {'token': 'the', 'NER': 'O', 'pre_lemma_ud_path': 'run_â†‘detâ†‘pobjâ†‘prep'}, {'token': 'street', 'NER': 'O', 'pre_lemma_ud_path': 'run_â†‘pobjâ†‘prep'}, {'token': '.', 'NER': 'O', 'pre_lemma_ud_path': 'run_â†‘punct'}]	ARG0,_,_,_,_,_	ARG0,_,_,_,_,_
Peter jumped over the fence .	[{'token': 'Peter', 'NER': 'PERSON', 'pre_lemma_ud_path': 'jump_â†‘nsubj'}, {'token': 'jumped', 'NER': 'O', 'pre_lemma_ud_path': 'jump_'}, {'token': 'over', 'NER': 'O', 'pre_lemma_ud_path': 'jump_â†‘prep'}, {'token': 'the', 'NER': 'O', 'pre_lemma_ud_path': 'jump_â†‘detâ†‘pobjâ†‘prep'}, {'token': 'fence', 'NER': 'O', 'pre_lemma_ud_path': 'jump_â†‘pobjâ†‘prep'}, {'token': '.', 'NER': 'O', 'pre_lemma_ud_path': 'jump_â†‘punct'}]	ARG0,_,_,_,_,_	ARG0,_,_,_,_,_
Susan swam in the pool .	[{'token': 'Susan', 'NER': 'PERSON', 'pre_lemma_ud_path': 'swim_â†‘nsubj'}, {'token': 'swam', 'NER': 'O', 'pre_lemma_ud_path': 'swim_'}, {'token': 'in', 'NER': 'O', 'pre_lemma_ud_path': 'swim_â†‘prep'}, {'token': 'the', 'NER': 'O', 'pre_lemma_ud_path': 'swim_â†‘detâ†‘pobjâ†‘prep'}, {'token': 'pool', 'NER': 'O', 'pre_lemma_ud_path': 'swim_â†‘pobjâ†‘prep'}, {'token': '.', 'NER': 'O', 'pre_lemma_ud_path': 'swim_â†‘punct'}]	ARG0,_,_,_,_,_	_,_,_,_,_,_
David slept on the couch .	[{'token': 'David', 'NER': 'PERSON', 'pre_lemma_ud_path': 'sleep_â†‘nsubj'}, {'token': 'slept', 'NER': 'O', 'pre_lemma_ud_path': 'sleep_'}, {'token': 'on', 'NER': 'O', 'pre_lemma_ud_path': 'sleep_â†‘prep'}, {'token': 'the', 'NER': 'O', 'pre_lemma_ud_path': 'sleep_â†‘detâ†‘pobjâ†‘prep'}, {'token': 'couch', 'NER': 'O', 'pre_lemma_ud_path': 'sleep_â†‘pobjâ†‘prep'}, {'token': '.', 'NER': 'O', 'pre_lemma_ud_path': 'sleep_â†‘punct'}]	ARG0,_,_,_,_,_	_,_,_,_,_,_
Lisa sat by the window .	[{'token': 'Lisa', 'NER': 'PERSON', 'pre_lemma_ud_path': 'sit_â†‘nsubj'}, {'token': 'sat', 'NER': 'O', 'pre_lemma_ud_path': 'sit_'}, {'token': 'by', 'NER': 'O', 'pre_lemma_ud_path': 'sit_â†‘prep'}, {'token': 'the', 'NER': 'O', 'pre_lemma_ud_path': 'sit_â†‘detâ†‘pobjâ†‘prep'}, {'token': 'window', 'NER': 'O', 'pre_lemma_ud_path': 'sit_â†‘pobjâ†‘prep'}, {'token': '.', 'NER': 'O', 'pre_lemma_ud_path': 'sit_â†‘punct'}]	ARG0,_,_,_,_,_	_,_,_,_,ARG2,_
Mark stood near the door .	[{'token': 'Mark', 'NER': 'PERSON', 'pre_lemma_ud_path': 'stand_â†‘nsubj'}, {'token': 'stood', 'NER': 'O', 'pre_lemma_ud_path': 'stand_'}, {'token': 'near', 'NER': 'O', 'pre_lemma_ud_path': 'stand_â†‘prep'}, {'token': 'the', 'NER': 'O', 'pre_lemma_ud_path': 'stand_â†‘detâ†‘pobjâ†‘prep'}, {'token': 'door', 'NER': 'O', 'pre_lemma_ud_path': 'stand_â†‘pobjâ†‘prep'}, {'token': '.', 'NER': 'O', 'pre_lemma_ud_path': 'stand_â†‘punct'}]	ARG0,_,_,_,_,_	ARG1,_,_,_,ARG2,_
Sarah looked at the painting .	[{'token': 'Sarah', 'NER': 'PERSON', 'pre_lemma_ud_path': 'look_â†‘nsubj'}, {'token': 'looked', 'NER': 'O', 'pre_lemma_ud_path': 'look_'}, {'token': 'at', 'NER': 'O', 'pre_lemma_ud_path': 'look_â†‘prep'}, {'token': 'the', 'NER': 'O', 'pre_lemma_ud_path': 'look_â†‘detâ†‘pobjâ†‘prep'}, {'token': 'painting', 'NER': 'O', 'pre_lemma_ud_path': 'look_â†‘pobjâ†‘prep'}, {'token': '.', 'NER': 'O', 'pre_lemma_ud_path': 'look_â†‘punct'}]	ARG0,_,_,_,_,_	ARG0,_,_,_,ARG1,_
Paul listened to the radio .	[{'token': 'Paul', 'NER': 'PERSON', 'pre_lemma_ud_path': 'listen_â†‘nsubj'}, {'token': 'listened', 'NER': 'O', 'pre_lemma_ud_path': 'listen_'}, {'token': 'to', 'NER': 'O', 'pre_lemma_ud_path': 'listen_â†‘prep'}, {'token': 'the', 'NER': 'O', 'pre_lemma_ud_path': 'listen_â†‘detâ†‘pobjâ†‘prep'}, {'token': 'radio', 'NER': 'O', 'pre_lemma_ud_path': 'listen_â†‘pobjâ†‘prep'}, {'token': '.', 'NER': 'O', 'pre_lemma_ud_path': 'listen_â†‘punct'}]	ARG0,_,_,_,_,_	ARG0,_,_,_,ARG1,_
Anna talked with the teacher .	[{'token': 'Anna', 'NER': 'PERSON', 'pre_lemma_ud_path': 'talk_â†‘nsubj'}, {'token': 'talked', 'NER': 'O', 'pre_lemma_ud_path': 'talk_'}, {'token': 'with', 'NER': 'O', 'pre_lemma_ud_path': 'talk_â†‘prep'}, {'token': 'the', 'NER': 'O', 'pre_lemma_ud_path': 'talk_â†‘detâ†‘pobjâ†‘prep'}, {'token': 'teacher', 'NER': 'O', 'pre_lemma_ud_path': 'talk_â†‘pobjâ†‘prep'}, {'token': '.', 'NER': 'O', 'pre_lemma_ud_path': 'talk_â†‘punct'}]	ARG0,_,_,_,_,_	ARG0,_,_,_,ARG2,_
James agreed with the plan .	[{'token': 'James', 'NER': 'PERSON', 'pre_lemma_ud_path': 'agree_â†‘nsubj'}, {'token': 'agreed', 'NER': 'O', 'pre_lemma_ud_path': 'agree_'}, {'token': 'with', 'NER': 'O', 'pre_lemma_ud_path': 'agree_â†‘prep'}, {'token': 'the', 'NER': 'O', 'pre_lemma_ud_path': 'agree_â†‘detâ†‘pobjâ†‘prep'}, {'token': 'plan', 'NER': 'O', 'pre_lemma_ud_path': 'agree_â†‘pobjâ†‘prep'}, {'token': '.', 'NER': 'O', 'pre_lemma_ud_path': 'agree_â†‘punct'}]	ARG0,_,_,_,_,_	ARG0,_,_,_,ARG1,_
Emily waited for the bus .	[{'token': 'Emily', 'NER': 'PERSON', 'pre_lemma_ud_path': 'wait_â†‘nsubj'}, {'token': 'waited', 'NER': 'O', 'pre_lemma_ud_path': 'wait_'}, {'token': 'for', 'NER': 'O', 'pre_lemma_ud_path': 'wait_â†‘prep'}, {'token': 'the', 'NER': 'O', 'pre_lemma_ud_path': 'wait_â†‘detâ†‘pobjâ†‘prep'}, {'token': 'bus', 'NER': 'O', 'pre_lemma_ud_path': 'wait_â†‘pobjâ†‘prep'}, {'token': '.', 'NER': 'O', 'pre_lemma_ud_path': 'wait_â†‘punct'}]	ARG0,_,_,_,_,_	ARG1,_,_,_,ARG2,_
Brian apologized to the boss .	[{'token': 'Brian', 'NER': 'PERSON', 'pre_lemma_ud_path': 'apologize_â†‘nsubj'}, {'token': 'apologized', 'NER': 'O', 'pre_lemma_ud_path': 'apologize_'}, {'token': 'to', 'NER': 'O', 'pre_lemma_ud_path': 'apologize_â†‘prep'}, {'token': 'the', 'NER': 'O', 'pre_lemma_ud_path': 'apologize_â†‘detâ†‘pobjâ†‘prep'}, {'token': 'boss', 'NER': 'O', 'pre_lemma_ud_path': 'apologize_â†‘pobjâ†‘prep'}, {'token': '.', 'NER': 'O', 'pre_lemma_ud_path': 'apologize_â†‘punct'}]	ARG0,_,_,_,_,_	_,_,_,_,_,_
Chloe smiled at the baby .	[{'token': 'Chloe', 'NER': 'PERSON', 'pre_lemma_ud_path': 'smile_â†‘nsubj'}, {'token': 'smiled', 'NER': 'O', 'pre_lemma_ud_path': 'smile_'}, {'token': 'at', 'NER': 'O', 'pre_lemma_ud_path': 'smile_â†‘prep'}, {'token': 'the', 'NER': 'O', 'pre_lemma_ud_path': 'smile_â†‘detâ†‘pobjâ†‘prep'}, {'token': 'baby', 'NER': 'O', 'pre_lemma_ud_path': 'smile_â†‘pobjâ†‘prep'}, {'token': '.', 'NER': 'O', 'pre_lemma_ud_path': 'smile_â†‘punct'}]	ARG0,_,_,_,_,_	_,_,_,_,_,_
Kevin laughed at the joke .	[{'token': 'Kevin', 'NER': 'PERSON', 'pre_lemma_ud_path': 'laugh_â†‘nsubj'}, {'token': 'laughed', 'NER': 'O', 'pre_lemma_ud_path': 'laugh_'}, {'token': 'at', 'NER': 'O', 'pre_lemma_ud_path': 'laugh_â†‘prep'}, {'token': 'the', 'NER': 'O', 'pre_lemma_ud_path': 'laugh_â†‘detâ†‘pobjâ†‘prep'}, {'token': 'joke', 'NER': 'O', 'pre_lemma_ud_path': 'laugh_â†‘pobjâ†‘prep'}, {'token': '.', 'NER': 'O', 'pre_lemma_ud_path': 'laugh_â†‘punct'}]	ARG0,_,_,_,_,_	ARG0,_,_,_,_,_
Megan cried during the movie .	[{'token': 'Megan', 'NER': 'PERSON', 'pre_lemma_ud_path': 'cry_â†‘nsubj'}, {'token': 'cried', 'NER': 'O', 'pre_lemma_ud_path': 'cry_'}, {'token': 'during', 'NER': 'O', 'pre_lemma_ud_path': 'cry_â†‘prep'}, {'token': 'the', 'NER': 'O', 'pre_lemma_ud_path': 'cry_â†‘detâ†‘pobjâ†‘prep'}, {'token': 'movie', 'NER': 'O', 'pre_lemma_ud_path': 'cry_â†‘pobjâ†‘prep'}, {'token': '.', 'NER': 'O', 'pre_lemma_ud_path': 'cry_â†‘punct'}]	ARG0,_,_,_,_,_	_,_,_,_,_,_
Jason arrived at the station .	[{'token': 'Jason', 'NER': 'PERSON', 'pre_lemma_ud_path': 'arrive_â†‘nsubj'}, {'token': 'arrived', 'NER': 'O', 'pre_lemma_ud_path': 'arrive_'}, {'token': 'at', 'NER': 'O', 'pre_lemma_ud_path': 'arrive_â†‘prep'}, {'token': 'the', 'NER': 'O', 'pre_lemma_ud_path': 'arrive_â†‘detâ†‘pobjâ†‘prep'}, {'token': 'station', 'NER': 'O', 'pre_lemma_ud_path': 'arrive_â†‘pobjâ†‘prep'}, {'token': '.', 'NER': 'O', 'pre_lemma_ud_path': 'arrive_â†‘punct'}]	ARG0,_,_,_,_,_	ARG1,_,_,_,ARG4,_
Laura departed from the airport .	[{'token': 'Laura', 'NER': 'PERSON', 'pre_lemma_ud_path': 'depart_â†‘nsubj'}, {'token': 'departed', 'NER': 'O', 'pre_lemma_ud_path': 'depart_'}, {'token': 'from', 'NER': 'O', 'pre_lemma_ud_path': 'depart_â†‘prep'}, {'token': 'the', 'NER': 'O', 'pre_lemma_ud_path': 'depart_â†‘detâ†‘pobjâ†‘prep'}, {'token': 'airport', 'NER': 'O', 'pre_lemma_ud_path': 'depart_â†‘pobjâ†‘prep'}, {'token': '.', 'NER': 'O', 'pre_lemma_ud_path': 'depart_â†‘punct'}]	ARG0,_,_,_,_,_	_,_,_,_,_,_
The committee approves the budget .	[{'token': 'The', 'NER': 'O', 'pre_lemma_ud_path': 'approve_â†‘detâ†‘nsubj'}, {'token': 'committee', 'NER': 'O', 'pre_lemma_ud_path': 'approve_â†‘nsubj'}, {'token': 'approves', 'NER': 'O', 'pre_lemma_ud_path': 'approve_'}, {'token': 'the', 'NER': 'O', 'pre_lemma_ud_path': 'approve_â†‘detâ†‘dobj'}, {'token': 'budget', 'NER': 'O', 'pre_lemma_ud_path': 'approve_â†‘dobj'}, {'token': '.', 'NER': 'O', 'pre_lemma_ud_path': 'approve_â†‘punct'}]	_,ARG0,_,_,_,_	_,ARG0,_,_,ARG1,_
The investors lost their money .	[{'token': 'The', 'NER': 'O', 'pre_lemma_ud_path': 'lose_â†‘detâ†‘nsubj'}, {'token': 'investors', 'NER': 'O', 'pre_lemma_ud_path': 'lose_â†‘nsubj'}, {'token': 'lost', 'NER': 'O', 'pre_lemma_ud_path': 'lose_'}, {'token': 'their', 'NER': 'O', 'pre_lemma_ud_path': 'lose_â†‘possâ†‘dobj'}, {'token': 'money', 'NER': 'O', 'pre_lemma_ud_path': 'lose_â†‘dobj'}, {'token': '.', 'NER': 'O', 'pre_lemma_ud_path': 'lose_â†‘punct'}]	_,ARG0,_,_,_,_	_,_,_,_,ARG1,_
A stranger knocked .	[{'token': 'A', 'NER': 'O', 'pre_lemma_ud_path': 'knock_â†‘detâ†‘nsubj'}, {'token': 'stranger', 'NER': 'O', 'pre_lemma_ud_path': 'knock_â†‘nsubj'}, {'token': 'knocked', 'NER': 'O', 'pre_lemma_ud_path': 'knock_'}, {'token': '.', 'NER': 'O', 'pre_lemma_ud_path': 'knock_â†‘punct'}]	_,ARG0,_,_	_,_,_,_
The baby cried .	[{'token': 'The', 'NER': 'O', 'pre_lemma_ud_path': 'cry_â†‘detâ†‘nsubj'}, {'token': 'baby', 'NER': 'O', 'pre_lemma_ud_path': 'cry_â†‘nsubj'}, {'token': 'cried', 'NER': 'O', 'pre_lemma_ud_path': 'cry_'}, {'token': '.', 'NER': 'O', 'pre_lemma_ud_path': 'cry_â†‘punct'}]	_,ARG0,_,_	_,_,_,_
I rang the bell .	[{'token': 'I', 'NER': 'O', 'pre_lemma_ud_path': 'ring_â†‘nsubj'}, {'token': 'rang', 'NER': 'O', 'pre_lemma_ud_path': 'ring_'}, {'token': 'the', 'NER': 'O', 'pre_lemma_ud_path': 'ring_â†‘detâ†‘dobj'}, {'token': 'bell', 'NER': 'O', 'pre_lemma_ud_path': 'ring_â†‘dobj'}, {'token': '.', 'NER': 'O', 'pre_lemma_ud_path': 'ring_â†‘punct'}]	ARG0,_,_,_,_	ARG0,_,_,ARG1,_
The engine sputtered .	[{'token': 'The', 'NER': 'O', 'pre_lemma_ud_path': 'sputter_â†‘detâ†‘nsubj'}, {'token': 'engine', 'NER': 'O', 'pre_lemma_ud_path': 'sputter_â†‘nsubj'}, {'token': 'sputtered', 'NER': 'O', 'pre_lemma_ud_path': 'sputter_'}, {'token': '.', 'NER': 'O', 'pre_lemma_ud_path': 'sputter_â†‘punct'}]	_,ARG0,_,_	_,_,_,_
The train stopped .	[{'token': 'The', 'NER': 'O', 'pre_lemma_ud_path': 'stop_â†‘detâ†‘nsubj'}, {'token': 'train', 'NER': 'O', 'pre_lemma_ud_path': 'stop_â†‘nsubj'}, {'token': 'stopped', 'NER': 'O', 'pre_lemma_ud_path': 'stop_'}, {'token': '.', 'NER': 'O', 'pre_lemma_ud_path': 'stop_â†‘punct'}]	_,ARG0,_,_	_,_,_,_
Strong winds blew .	[{'token': 'Strong', 'NER': 'O', 'pre_lemma_ud_path': 'blow_â†‘amodâ†‘nsubj'}, {'token': 'winds', 'NER': 'O', 'pre_lemma_ud_path': 'blow_â†‘nsubj'}, {'token': 'blew', 'NER': 'O', 'pre_lemma_ud_path': 'blow_'}, {'token': '.', 'NER': 'O', 'pre_lemma_ud_path': 'blow_â†‘punct'}]	_,ARG0,_,_	_,_,_,_
Wild horses galloped .	[{'token': 'Wild', 'NER': 'O', 'pre_lemma_ud_path': 'gallop_â†‘amodâ†‘nsubj'}, {'token': 'horses', 'NER': 'O', 'pre_lemma_ud_path': 'gallop_â†‘nsubj'}, {'token': 'galloped', 'NER': 'O', 'pre_lemma_ud_path': 'gallop_'}, {'token': '.', 'NER': 'O', 'pre_lemma_ud_path': 'gallop_â†‘punct'}]	_,ARG0,_,_	_,_,_,_
Brave soldiers fought .	[{'token': 'Brave', 'NER': 'O', 'pre_lemma_ud_path': 'fight_â†‘amodâ†‘nsubj'}, {'token': 'soldiers', 'NER': 'O', 'pre_lemma_ud_path': 'fight_â†‘nsubj'}, {'token': 'fought', 'NER': 'O', 'pre_lemma_ud_path': 'fight_'}, {'token': '.', 'NER': 'O', 'pre_lemma_ud_path': 'fight_â†‘punct'}]	_,ARG0,_,_	_,ARG0,_,_
Smart students learn .	[{'token': 'Smart', 'NER': 'O', 'pre_lemma_ud_path': 'learn_â†‘amodâ†‘nsubj'}, {'token': 'students', 'NER': 'O', 'pre_lemma_ud_path': 'learn_â†‘nsubj'}, {'token': 'learn', 'NER': 'O', 'pre_lemma_ud_path': 'learn_'}, {'token': '.', 'NER': 'O', 'pre_lemma_ud_path': 'learn_â†‘punct'}]	_,ARG0,_,_	_,ARG0,_,_
Young children play .	[{'token': 'Young', 'NER': 'O', 'pre_lemma_ud_path': 'play_â†‘amodâ†‘nsubj'}, {'token': 'children', 'NER': 'O', 'pre_lemma_ud_path': 'play_â†‘nsubj'}, {'token': 'play', 'NER': 'O', 'pre_lemma_ud_path': 'play_'}, {'token': '.', 'NER': 'O', 'pre_lemma_ud_path': 'play_â†‘punct'}]	_,ARG0,_,_	_,ARG0,_,_
I removed the obstacle .	[{'token': 'I', 'NER': 'O', 'pre_lemma_ud_path': 'remove_â†‘nsubj'}, {'token': 'removed', 'NER': 'O', 'pre_lemma_ud_path': 'remove_'}, {'token': 'the', 'NER': 'O', 'pre_lemma_ud_path': 'remove_â†‘detâ†‘dobj'}, {'token': 'obstacle', 'NER': 'O', 'pre_lemma_ud_path': 'remove_â†‘dobj'}, {'token': '.', 'NER': 'O', 'pre_lemma_ud_path': 'remove_â†‘punct'}]	ARG0,_,_,_,_	ARG0,_,_,ARG1,_
Water rusted the metal .	[{'token': 'Water', 'NER': 'O', 'pre_lemma_ud_path': 'rust_â†‘nsubj'}, {'token': 'rusted', 'NER': 'O', 'pre_lemma_ud_path': 'rust_'}, {'token': 'the', 'NER': 'O', 'pre_lemma_ud_path': 'rust_â†‘detâ†‘dobj'}, {'token': 'metal', 'NER': 'O', 'pre_lemma_ud_path': 'rust_â†‘dobj'}, {'token': '.', 'NER': 'O', 'pre_lemma_ud_path': 'rust_â†‘punct'}]	ARG0,_,_,_,_	_,_,_,_,_
I spilled my coffee .	[{'token': 'I', 'NER': 'O', 'pre_lemma_ud_path': 'spill_â†‘nsubj'}, {'token': 'spilled', 'NER': 'O', 'pre_lemma_ud_path': 'spill_'}, {'token': 'my', 'NER': 'O', 'pre_lemma_ud_path': 'spill_â†‘possâ†‘dobj'}, {'token': 'coffee', 'NER': 'O', 'pre_lemma_ud_path': 'spill_â†‘dobj'}, {'token': '.', 'NER': 'O', 'pre_lemma_ud_path': 'spill_â†‘punct'}]	ARG0,_,_,_,_	_,_,_,_,_
Mr . Hu supervised the test .	[{'token': 'Mr', 'NER': 'O', 'pre_lemma_ud_path': 'NONE'}, {'token': '.', 'NER': 'O', 'pre_lemma_ud_path': 'NONE'}, {'token': 'Hu', 'NER': 'PERSON', 'pre_lemma_ud_path': 'supervise_â†‘nsubj'}, {'token': 'supervised', 'NER': 'O', 'pre_lemma_ud_path': 'supervise_'}, {'token': 'the', 'NER': 'O', 'pre_lemma_ud_path': 'supervise_â†‘detâ†‘dobj'}, {'token': 'test', 'NER': 'O', 'pre_lemma_ud_path': 'supervise_â†‘dobj'}, {'token': '.', 'NER': 'O', 'pre_lemma_ud_path': 'supervise_â†‘punct'}]	_,_,ARG0,_,_,_,_	_,_,_,_,_,_,_
The scientists published new findings .	[{'token': 'The', 'NER': 'O', 'pre_lemma_ud_path': 'publish_â†‘detâ†‘nsubj'}, {'token': 'scientists', 'NER': 'O', 'pre_lemma_ud_path': 'publish_â†‘nsubj'}, {'token': 'published', 'NER': 'O', 'pre_lemma_ud_path': 'publish_'}, {'token': 'new', 'NER': 'O', 'pre_lemma_ud_path': 'publish_â†‘amodâ†‘dobj'}, {'token': 'findings', 'NER': 'O', 'pre_lemma_ud_path': 'publish_â†‘dobj'}, {'token': '.', 'NER': 'O', 'pre_lemma_ud_path': 'publish_â†‘punct'}]	_,ARG0,_,_,_,_	_,_,_,_,ARG1,_
A dog barks .	[{'token': 'A', 'NER': 'O', 'pre_lemma_ud_path': 'bark_â†‘detâ†‘nsubj'}, {'token': 'dog', 'NER': 'O', 'pre_lemma_ud_path': 'bark_â†‘nsubj'}, {'token': 'barks', 'NER': 'O', 'pre_lemma_ud_path': 'bark_'}, {'token': '.', 'NER': 'O', 'pre_lemma_ud_path': 'bark_â†‘punct'}]	_,ARG0,_,_	_,_,_,_
The clock ticked .	[{'token': 'The', 'NER': 'O', 'pre_lemma_ud_path': 'tick_â†‘detâ†‘nsubj'}, {'token': 'clock', 'NER': 'O', 'pre_lemma_ud_path': 'tick_â†‘nsubj'}, {'token': 'ticked', 'NER': 'O', 'pre_lemma_ud_path': 'tick_'}, {'token': '.', 'NER': 'O', 'pre_lemma_ud_path': 'tick_â†‘punct'}]	_,ARG0,_,_	_,_,_,_
I did the homework .	[{'token': 'I', 'NER': 'O', 'pre_lemma_ud_path': 'do_â†‘nsubj'}, {'token': 'did', 'NER': 'O', 'pre_lemma_ud_path': 'do_'}, {'token': 'the', 'NER': 'O', 'pre_lemma_ud_path': 'do_â†‘detâ†‘dobj'}, {'token': 'homework', 'NER': 'O', 'pre_lemma_ud_path': 'do_â†‘dobj'}, {'token': '.', 'NER': 'O', 'pre_lemma_ud_path': 'do_â†‘punct'}]	ARG0,_,_,_,_	ARG0,_,_,ARG1,_
Keze finished the assignment .	[{'token': 'Keze', 'NER': 'ORG', 'pre_lemma_ud_path': 'finish_â†‘nsubj'}, {'token': 'finished', 'NER': 'O', 'pre_lemma_ud_path': 'finish_'}, {'token': 'the', 'NER': 'O', 'pre_lemma_ud_path': 'finish_â†‘detâ†‘dobj'}, {'token': 'assignment', 'NER': 'O', 'pre_lemma_ud_path': 'finish_â†‘dobj'}, {'token': '.', 'NER': 'O', 'pre_lemma_ud_path': 'finish_â†‘punct'}]	ARG0,_,_,_,_	ARG0,_,_,ARG1,_
