John chased the dog .	[{'token': 'John', 'NER': 'PERSON', 'pre_lemma_ud_path': 'chase_â†‘nsubj'}, {'token': 'chased', 'NER': 'O', 'pre_lemma_ud_path': 'chase_'}, {'token': 'the', 'NER': 'O', 'pre_lemma_ud_path': 'chase_â†‘detâ†‘dobj'}, {'token': 'dog', 'NER': 'O', 'pre_lemma_ud_path': 'chase_â†‘dobj'}, {'token': '.', 'NER': 'O', 'pre_lemma_ud_path': 'chase_â†‘punct'}]	_,_,_,ARG1,_	_,_,_,ARG1,_
The dog was chased .	[{'token': 'The', 'NER': 'O', 'pre_lemma_ud_path': 'chase_â†‘detâ†‘nsubjpass'}, {'token': 'dog', 'NER': 'O', 'pre_lemma_ud_path': 'chase_â†‘nsubjpass'}, {'token': 'was', 'NER': 'O', 'pre_lemma_ud_path': 'chase_â†‘auxpass'}, {'token': 'chased', 'NER': 'O', 'pre_lemma_ud_path': 'chase_'}, {'token': '.', 'NER': 'O', 'pre_lemma_ud_path': 'chase_â†‘punct'}]	_,ARG1,_,_,_	_,_,_,_,_
Mary bit the apple .	[{'token': 'Mary', 'NER': 'PERSON', 'pre_lemma_ud_path': 'bite_â†‘nsubj'}, {'token': 'bit', 'NER': 'O', 'pre_lemma_ud_path': 'bite_'}, {'token': 'the', 'NER': 'O', 'pre_lemma_ud_path': 'bite_â†‘detâ†‘dobj'}, {'token': 'apple', 'NER': 'O', 'pre_lemma_ud_path': 'bite_â†‘dobj'}, {'token': '.', 'NER': 'O', 'pre_lemma_ud_path': 'bite_â†‘punct'}]	_,_,_,ARG1,_	ARG0,_,_,ARG1,_
The apple was bitten .	[{'token': 'The', 'NER': 'O', 'pre_lemma_ud_path': 'bite_â†‘detâ†‘nsubjpass'}, {'token': 'apple', 'NER': 'O', 'pre_lemma_ud_path': 'bite_â†‘nsubjpass'}, {'token': 'was', 'NER': 'O', 'pre_lemma_ud_path': 'bite_â†‘auxpass'}, {'token': 'bitten', 'NER': 'O', 'pre_lemma_ud_path': 'bite_'}, {'token': '.', 'NER': 'O', 'pre_lemma_ud_path': 'bite_â†‘punct'}]	_,ARG1,_,_,_	_,_,_,_,_
Peter kicked the ball .	[{'token': 'Peter', 'NER': 'PERSON', 'pre_lemma_ud_path': 'kick_â†‘nsubj'}, {'token': 'kicked', 'NER': 'O', 'pre_lemma_ud_path': 'kick_'}, {'token': 'the', 'NER': 'O', 'pre_lemma_ud_path': 'kick_â†‘detâ†‘dobj'}, {'token': 'ball', 'NER': 'O', 'pre_lemma_ud_path': 'kick_â†‘dobj'}, {'token': '.', 'NER': 'O', 'pre_lemma_ud_path': 'kick_â†‘punct'}]	_,_,_,ARG1,_	_,_,_,_,_
The ball was kicked .	[{'token': 'The', 'NER': 'O', 'pre_lemma_ud_path': 'kick_â†‘detâ†‘nsubjpass'}, {'token': 'ball', 'NER': 'O', 'pre_lemma_ud_path': 'kick_â†‘nsubjpass'}, {'token': 'was', 'NER': 'O', 'pre_lemma_ud_path': 'kick_â†‘auxpass'}, {'token': 'kicked', 'NER': 'O', 'pre_lemma_ud_path': 'kick_'}, {'token': '.', 'NER': 'O', 'pre_lemma_ud_path': 'kick_â†‘punct'}]	_,ARG1,_,_,_	_,_,_,_,_
Sarah threw the frisbee .	[{'token': 'Sarah', 'NER': 'PERSON', 'pre_lemma_ud_path': 'throw_â†‘nsubj'}, {'token': 'threw', 'NER': 'O', 'pre_lemma_ud_path': 'throw_'}, {'token': 'the', 'NER': 'O', 'pre_lemma_ud_path': 'throw_â†‘detâ†‘dobj'}, {'token': 'frisbee', 'NER': 'PRODUCT', 'pre_lemma_ud_path': 'throw_â†‘dobj'}, {'token': '.', 'NER': 'O', 'pre_lemma_ud_path': 'throw_â†‘punct'}]	_,_,_,ARG1,_	ARG0,_,_,ARG1,_
The frisbee was thrown .	[{'token': 'The', 'NER': 'O', 'pre_lemma_ud_path': 'throw_â†‘detâ†‘nsubjpass'}, {'token': 'frisbee', 'NER': 'PRODUCT', 'pre_lemma_ud_path': 'throw_â†‘nsubjpass'}, {'token': 'was', 'NER': 'O', 'pre_lemma_ud_path': 'throw_â†‘auxpass'}, {'token': 'thrown', 'NER': 'O', 'pre_lemma_ud_path': 'throw_'}, {'token': '.', 'NER': 'O', 'pre_lemma_ud_path': 'throw_â†‘punct'}]	_,ARG1,_,_,_	_,_,_,_,_
Tom cooked the meal .	[{'token': 'Tom', 'NER': 'PERSON', 'pre_lemma_ud_path': 'cook_â†‘nsubj'}, {'token': 'cooked', 'NER': 'O', 'pre_lemma_ud_path': 'cook_'}, {'token': 'the', 'NER': 'O', 'pre_lemma_ud_path': 'cook_â†‘detâ†‘dobj'}, {'token': 'meal', 'NER': 'O', 'pre_lemma_ud_path': 'cook_â†‘dobj'}, {'token': '.', 'NER': 'O', 'pre_lemma_ud_path': 'cook_â†‘punct'}]	_,_,_,ARG1,_	_,_,_,_,_
The meal was cooked .	[{'token': 'The', 'NER': 'O', 'pre_lemma_ud_path': 'cook_â†‘detâ†‘nsubjpass'}, {'token': 'meal', 'NER': 'O', 'pre_lemma_ud_path': 'cook_â†‘nsubjpass'}, {'token': 'was', 'NER': 'O', 'pre_lemma_ud_path': 'cook_â†‘auxpass'}, {'token': 'cooked', 'NER': 'O', 'pre_lemma_ud_path': 'cook_'}, {'token': '.', 'NER': 'O', 'pre_lemma_ud_path': 'cook_â†‘punct'}]	_,ARG1,_,_,_	_,ARG1,_,_,_
Jane baked the cake .	[{'token': 'Jane', 'NER': 'PERSON', 'pre_lemma_ud_path': 'bake_â†‘nsubj'}, {'token': 'baked', 'NER': 'O', 'pre_lemma_ud_path': 'bake_'}, {'token': 'the', 'NER': 'O', 'pre_lemma_ud_path': 'bake_â†‘detâ†‘dobj'}, {'token': 'cake', 'NER': 'O', 'pre_lemma_ud_path': 'bake_â†‘dobj'}, {'token': '.', 'NER': 'O', 'pre_lemma_ud_path': 'bake_â†‘punct'}]	_,_,_,ARG1,_	_,_,_,_,_
The cake was baked .	[{'token': 'The', 'NER': 'O', 'pre_lemma_ud_path': 'baked_â†‘detâ†‘nsubjâ†“acomp'}, {'token': 'cake', 'NER': 'O', 'pre_lemma_ud_path': 'baked_â†‘nsubjâ†“acomp'}, {'token': 'was', 'NER': 'O', 'pre_lemma_ud_path': 'baked_â†“acomp'}, {'token': 'baked', 'NER': 'O', 'pre_lemma_ud_path': 'baked_'}, {'token': '.', 'NER': 'O', 'pre_lemma_ud_path': 'baked_â†‘punctâ†“acomp'}]	_,ARG1,_,_,_	_,_,_,_,_
Mark painted the portrait .	[{'token': 'Mark', 'NER': 'PERSON', 'pre_lemma_ud_path': 'paint_â†‘nsubj'}, {'token': 'painted', 'NER': 'O', 'pre_lemma_ud_path': 'paint_'}, {'token': 'the', 'NER': 'O', 'pre_lemma_ud_path': 'paint_â†‘detâ†‘dobj'}, {'token': 'portrait', 'NER': 'O', 'pre_lemma_ud_path': 'paint_â†‘dobj'}, {'token': '.', 'NER': 'O', 'pre_lemma_ud_path': 'paint_â†‘punct'}]	_,_,_,ARG1,_	_,_,_,_,_
The portrait was painted .	[{'token': 'The', 'NER': 'O', 'pre_lemma_ud_path': 'paint_â†‘detâ†‘nsubjpass'}, {'token': 'portrait', 'NER': 'O', 'pre_lemma_ud_path': 'paint_â†‘nsubjpass'}, {'token': 'was', 'NER': 'O', 'pre_lemma_ud_path': 'paint_â†‘auxpass'}, {'token': 'painted', 'NER': 'O', 'pre_lemma_ud_path': 'paint_'}, {'token': '.', 'NER': 'O', 'pre_lemma_ud_path': 'paint_â†‘punct'}]	_,ARG1,_,_,_	_,_,_,_,_
Emma wrote the novel .	[{'token': 'Emma', 'NER': 'PERSON', 'pre_lemma_ud_path': 'write_â†‘nsubj'}, {'token': 'wrote', 'NER': 'O', 'pre_lemma_ud_path': 'write_'}, {'token': 'the', 'NER': 'O', 'pre_lemma_ud_path': 'write_â†‘detâ†‘dobj'}, {'token': 'novel', 'NER': 'O', 'pre_lemma_ud_path': 'write_â†‘dobj'}, {'token': '.', 'NER': 'O', 'pre_lemma_ud_path': 'write_â†‘punct'}]	_,_,_,ARG1,_	ARG0,_,_,ARG1,_
The novel was written .	[{'token': 'The', 'NER': 'O', 'pre_lemma_ud_path': 'write_â†‘detâ†‘nsubjpass'}, {'token': 'novel', 'NER': 'O', 'pre_lemma_ud_path': 'write_â†‘nsubjpass'}, {'token': 'was', 'NER': 'O', 'pre_lemma_ud_path': 'write_â†‘auxpass'}, {'token': 'written', 'NER': 'O', 'pre_lemma_ud_path': 'write_'}, {'token': '.', 'NER': 'O', 'pre_lemma_ud_path': 'write_â†‘punct'}]	_,ARG1,_,_,_	_,_,_,_,_
Paul sang the song .	[{'token': 'Paul', 'NER': 'PERSON', 'pre_lemma_ud_path': 'sing_â†‘nsubj'}, {'token': 'sang', 'NER': 'O', 'pre_lemma_ud_path': 'sing_'}, {'token': 'the', 'NER': 'O', 'pre_lemma_ud_path': 'sing_â†‘detâ†‘dobj'}, {'token': 'song', 'NER': 'O', 'pre_lemma_ud_path': 'sing_â†‘dobj'}, {'token': '.', 'NER': 'O', 'pre_lemma_ud_path': 'sing_â†‘punct'}]	_,_,_,ARG1,_	_,_,_,_,_
The song was sung .	[{'token': 'The', 'NER': 'O', 'pre_lemma_ud_path': 'sing_â†‘detâ†‘nsubjpass'}, {'token': 'song', 'NER': 'O', 'pre_lemma_ud_path': 'sing_â†‘nsubjpass'}, {'token': 'was', 'NER': 'O', 'pre_lemma_ud_path': 'sing_â†‘auxpass'}, {'token': 'sung', 'NER': 'O', 'pre_lemma_ud_path': 'sing_'}, {'token': '.', 'NER': 'O', 'pre_lemma_ud_path': 'sing_â†‘punct'}]	_,ARG1,_,_,_	_,_,_,_,_
Anna built the house .	[{'token': 'Anna', 'NER': 'PERSON', 'pre_lemma_ud_path': 'build_â†‘nsubj'}, {'token': 'built', 'NER': 'O', 'pre_lemma_ud_path': 'build_'}, {'token': 'the', 'NER': 'O', 'pre_lemma_ud_path': 'build_â†‘detâ†‘dobj'}, {'token': 'house', 'NER': 'O', 'pre_lemma_ud_path': 'build_â†‘dobj'}, {'token': '.', 'NER': 'O', 'pre_lemma_ud_path': 'build_â†‘punct'}]	_,_,_,ARG1,_	ARG0,_,_,ARG1,_
The house was built .	[{'token': 'The', 'NER': 'O', 'pre_lemma_ud_path': 'build_â†‘detâ†‘nsubjpass'}, {'token': 'house', 'NER': 'O', 'pre_lemma_ud_path': 'build_â†‘nsubjpass'}, {'token': 'was', 'NER': 'O', 'pre_lemma_ud_path': 'build_â†‘auxpass'}, {'token': 'built', 'NER': 'O', 'pre_lemma_ud_path': 'build_'}, {'token': '.', 'NER': 'O', 'pre_lemma_ud_path': 'build_â†‘punct'}]	_,ARG1,_,_,_	_,_,_,_,_
David drove the car .	[{'token': 'David', 'NER': 'PERSON', 'pre_lemma_ud_path': 'drive_â†‘nsubj'}, {'token': 'drove', 'NER': 'O', 'pre_lemma_ud_path': 'drive_'}, {'token': 'the', 'NER': 'O', 'pre_lemma_ud_path': 'drive_â†‘detâ†‘dobj'}, {'token': 'car', 'NER': 'O', 'pre_lemma_ud_path': 'drive_â†‘dobj'}, {'token': '.', 'NER': 'O', 'pre_lemma_ud_path': 'drive_â†‘punct'}]	_,_,_,ARG1,_	ARG0,_,_,ARG1,_
The car was driven .	[{'token': 'The', 'NER': 'O', 'pre_lemma_ud_path': 'drive_â†‘detâ†‘nsubjpass'}, {'token': 'car', 'NER': 'O', 'pre_lemma_ud_path': 'drive_â†‘nsubjpass'}, {'token': 'was', 'NER': 'O', 'pre_lemma_ud_path': 'drive_â†‘auxpass'}, {'token': 'driven', 'NER': 'O', 'pre_lemma_ud_path': 'drive_'}, {'token': '.', 'NER': 'O', 'pre_lemma_ud_path': 'drive_â†‘punct'}]	_,ARG1,_,_,_	_,_,_,_,_
Lisa flew the plane .	[{'token': 'Lisa', 'NER': 'PERSON', 'pre_lemma_ud_path': 'fly_â†‘nsubj'}, {'token': 'flew', 'NER': 'O', 'pre_lemma_ud_path': 'fly_'}, {'token': 'the', 'NER': 'O', 'pre_lemma_ud_path': 'fly_â†‘detâ†‘dobj'}, {'token': 'plane', 'NER': 'O', 'pre_lemma_ud_path': 'fly_â†‘dobj'}, {'token': '.', 'NER': 'O', 'pre_lemma_ud_path': 'fly_â†‘punct'}]	_,_,_,ARG1,_	_,_,_,ARG1,_
The plane was flown .	[{'token': 'The', 'NER': 'O', 'pre_lemma_ud_path': 'fly_â†‘detâ†‘nsubjpass'}, {'token': 'plane', 'NER': 'O', 'pre_lemma_ud_path': 'fly_â†‘nsubjpass'}, {'token': 'was', 'NER': 'O', 'pre_lemma_ud_path': 'fly_â†‘auxpass'}, {'token': 'flown', 'NER': 'O', 'pre_lemma_ud_path': 'fly_'}, {'token': '.', 'NER': 'O', 'pre_lemma_ud_path': 'fly_â†‘punct'}]	_,ARG1,_,_,_	_,_,_,_,_
James steered the ship .	[{'token': 'James', 'NER': 'PERSON', 'pre_lemma_ud_path': 'steer_â†‘nsubj'}, {'token': 'steered', 'NER': 'O', 'pre_lemma_ud_path': 'steer_'}, {'token': 'the', 'NER': 'O', 'pre_lemma_ud_path': 'steer_â†‘detâ†‘dobj'}, {'token': 'ship', 'NER': 'O', 'pre_lemma_ud_path': 'steer_â†‘dobj'}, {'token': '.', 'NER': 'O', 'pre_lemma_ud_path': 'steer_â†‘punct'}]	_,_,_,ARG1,_	_,_,_,_,_
The ship was steered .	[{'token': 'The', 'NER': 'O', 'pre_lemma_ud_path': 'steer_â†‘detâ†‘nsubjpass'}, {'token': 'ship', 'NER': 'O', 'pre_lemma_ud_path': 'steer_â†‘nsubjpass'}, {'token': 'was', 'NER': 'O', 'pre_lemma_ud_path': 'steer_â†‘auxpass'}, {'token': 'steered', 'NER': 'O', 'pre_lemma_ud_path': 'steer_'}, {'token': '.', 'NER': 'O', 'pre_lemma_ud_path': 'steer_â†‘punct'}]	_,ARG1,_,_,_	_,_,_,_,_
Helen grew the crop .	[{'token': 'Helen', 'NER': 'PERSON', 'pre_lemma_ud_path': 'grow_â†‘nsubj'}, {'token': 'grew', 'NER': 'O', 'pre_lemma_ud_path': 'grow_'}, {'token': 'the', 'NER': 'O', 'pre_lemma_ud_path': 'grow_â†‘detâ†‘dobj'}, {'token': 'crop', 'NER': 'O', 'pre_lemma_ud_path': 'grow_â†‘dobj'}, {'token': '.', 'NER': 'O', 'pre_lemma_ud_path': 'grow_â†‘punct'}]	_,_,_,ARG1,_	ARG1,_,_,_,_
The crop was grown .	[{'token': 'The', 'NER': 'O', 'pre_lemma_ud_path': 'grow_â†‘detâ†‘nsubjpass'}, {'token': 'crop', 'NER': 'O', 'pre_lemma_ud_path': 'grow_â†‘nsubjpass'}, {'token': 'was', 'NER': 'O', 'pre_lemma_ud_path': 'grow_â†‘auxpass'}, {'token': 'grown', 'NER': 'O', 'pre_lemma_ud_path': 'grow_'}, {'token': '.', 'NER': 'O', 'pre_lemma_ud_path': 'grow_â†‘punct'}]	_,ARG1,_,_,_	_,_,_,_,_
George planted the seed .	[{'token': 'George', 'NER': 'PERSON', 'pre_lemma_ud_path': 'plant_â†‘nsubj'}, {'token': 'planted', 'NER': 'O', 'pre_lemma_ud_path': 'plant_'}, {'token': 'the', 'NER': 'O', 'pre_lemma_ud_path': 'plant_â†‘detâ†‘dobj'}, {'token': 'seed', 'NER': 'O', 'pre_lemma_ud_path': 'plant_â†‘dobj'}, {'token': '.', 'NER': 'O', 'pre_lemma_ud_path': 'plant_â†‘punct'}]	_,_,_,ARG1,_	_,_,_,_,_
The seed was planted .	[{'token': 'The', 'NER': 'O', 'pre_lemma_ud_path': 'plant_â†‘detâ†‘nsubjpass'}, {'token': 'seed', 'NER': 'O', 'pre_lemma_ud_path': 'plant_â†‘nsubjpass'}, {'token': 'was', 'NER': 'O', 'pre_lemma_ud_path': 'plant_â†‘auxpass'}, {'token': 'planted', 'NER': 'O', 'pre_lemma_ud_path': 'plant_'}, {'token': '.', 'NER': 'O', 'pre_lemma_ud_path': 'plant_â†‘punct'}]	_,ARG1,_,_,_	_,_,_,_,_
Laura fixed the engine .	[{'token': 'Laura', 'NER': 'PERSON', 'pre_lemma_ud_path': 'fix_â†‘nsubj'}, {'token': 'fixed', 'NER': 'O', 'pre_lemma_ud_path': 'fix_'}, {'token': 'the', 'NER': 'O', 'pre_lemma_ud_path': 'fix_â†‘detâ†‘dobj'}, {'token': 'engine', 'NER': 'O', 'pre_lemma_ud_path': 'fix_â†‘dobj'}, {'token': '.', 'NER': 'O', 'pre_lemma_ud_path': 'fix_â†‘punct'}]	_,_,_,ARG1,_	ARG0,_,_,ARG1,_
The engine was fixed .	[{'token': 'The', 'NER': 'O', 'pre_lemma_ud_path': 'fix_â†‘detâ†‘nsubjpass'}, {'token': 'engine', 'NER': 'O', 'pre_lemma_ud_path': 'fix_â†‘nsubjpass'}, {'token': 'was', 'NER': 'O', 'pre_lemma_ud_path': 'fix_â†‘auxpass'}, {'token': 'fixed', 'NER': 'O', 'pre_lemma_ud_path': 'fix_'}, {'token': '.', 'NER': 'O', 'pre_lemma_ud_path': 'fix_â†‘punct'}]	_,ARG1,_,_,_	_,ARG1,_,_,_
Kevin repaired the pipe .	[{'token': 'Kevin', 'NER': 'PERSON', 'pre_lemma_ud_path': 'repair_â†‘nsubj'}, {'token': 'repaired', 'NER': 'O', 'pre_lemma_ud_path': 'repair_'}, {'token': 'the', 'NER': 'O', 'pre_lemma_ud_path': 'repair_â†‘detâ†‘dobj'}, {'token': 'pipe', 'NER': 'O', 'pre_lemma_ud_path': 'repair_â†‘dobj'}, {'token': '.', 'NER': 'O', 'pre_lemma_ud_path': 'repair_â†‘punct'}]	_,_,_,ARG1,_	_,_,_,_,_
The pipe was repaired .	[{'token': 'The', 'NER': 'O', 'pre_lemma_ud_path': 'repair_â†‘detâ†‘nsubjpass'}, {'token': 'pipe', 'NER': 'O', 'pre_lemma_ud_path': 'repair_â†‘nsubjpass'}, {'token': 'was', 'NER': 'O', 'pre_lemma_ud_path': 'repair_â†‘auxpass'}, {'token': 'repaired', 'NER': 'O', 'pre_lemma_ud_path': 'repair_'}, {'token': '.', 'NER': 'O', 'pre_lemma_ud_path': 'repair_â†‘punct'}]	_,ARG1,_,_,_	_,_,_,_,_
Rachel wired the circuit .	[{'token': 'Rachel', 'NER': 'PERSON', 'pre_lemma_ud_path': 'wire_â†‘nsubj'}, {'token': 'wired', 'NER': 'O', 'pre_lemma_ud_path': 'wire_'}, {'token': 'the', 'NER': 'O', 'pre_lemma_ud_path': 'wire_â†‘detâ†‘dobj'}, {'token': 'circuit', 'NER': 'O', 'pre_lemma_ud_path': 'wire_â†‘dobj'}, {'token': '.', 'NER': 'O', 'pre_lemma_ud_path': 'wire_â†‘punct'}]	_,_,_,ARG1,_	_,_,_,_,_
The circuit was wired .	[{'token': 'The', 'NER': 'O', 'pre_lemma_ud_path': 'wire_â†‘detâ†‘nsubjpass'}, {'token': 'circuit', 'NER': 'O', 'pre_lemma_ud_path': 'wire_â†‘nsubjpass'}, {'token': 'was', 'NER': 'O', 'pre_lemma_ud_path': 'wire_â†‘auxpass'}, {'token': 'wired', 'NER': 'O', 'pre_lemma_ud_path': 'wire_'}, {'token': '.', 'NER': 'O', 'pre_lemma_ud_path': 'wire_â†‘punct'}]	_,ARG1,_,_,_	_,_,_,_,_
Brian cured the patient .	[{'token': 'Brian', 'NER': 'PERSON', 'pre_lemma_ud_path': 'cure_â†‘nsubj'}, {'token': 'cured', 'NER': 'O', 'pre_lemma_ud_path': 'cure_'}, {'token': 'the', 'NER': 'O', 'pre_lemma_ud_path': 'cure_â†‘detâ†‘dobj'}, {'token': 'patient', 'NER': 'O', 'pre_lemma_ud_path': 'cure_â†‘dobj'}, {'token': '.', 'NER': 'O', 'pre_lemma_ud_path': 'cure_â†‘punct'}]	_,_,_,ARG1,_	_,_,_,_,_
The patient was cured .	[{'token': 'The', 'NER': 'O', 'pre_lemma_ud_path': 'cure_â†‘detâ†‘nsubjpass'}, {'token': 'patient', 'NER': 'O', 'pre_lemma_ud_path': 'cure_â†‘nsubjpass'}, {'token': 'was', 'NER': 'O', 'pre_lemma_ud_path': 'cure_â†‘auxpass'}, {'token': 'cured', 'NER': 'O', 'pre_lemma_ud_path': 'cure_'}, {'token': '.', 'NER': 'O', 'pre_lemma_ud_path': 'cure_â†‘punct'}]	_,ARG1,_,_,_	_,_,_,_,_
Alice treated the wound .	[{'token': 'Alice', 'NER': 'PERSON', 'pre_lemma_ud_path': 'treat_â†‘nsubj'}, {'token': 'treated', 'NER': 'O', 'pre_lemma_ud_path': 'treat_'}, {'token': 'the', 'NER': 'O', 'pre_lemma_ud_path': 'treat_â†‘detâ†‘dobj'}, {'token': 'wound', 'NER': 'O', 'pre_lemma_ud_path': 'treat_â†‘dobj'}, {'token': '.', 'NER': 'O', 'pre_lemma_ud_path': 'treat_â†‘punct'}]	_,_,_,ARG1,_	_,_,_,ARG1,_
The wound was treated .	[{'token': 'The', 'NER': 'O', 'pre_lemma_ud_path': 'treat_â†‘detâ†‘nsubjpass'}, {'token': 'wound', 'NER': 'O', 'pre_lemma_ud_path': 'treat_â†‘nsubjpass'}, {'token': 'was', 'NER': 'O', 'pre_lemma_ud_path': 'treat_â†‘auxpass'}, {'token': 'treated', 'NER': 'O', 'pre_lemma_ud_path': 'treat_'}, {'token': '.', 'NER': 'O', 'pre_lemma_ud_path': 'treat_â†‘punct'}]	_,ARG1,_,_,_	_,ARG1,_,_,_
Simon taught the lesson .	[{'token': 'Simon', 'NER': 'PERSON', 'pre_lemma_ud_path': 'teach_â†‘nsubj'}, {'token': 'taught', 'NER': 'O', 'pre_lemma_ud_path': 'teach_'}, {'token': 'the', 'NER': 'O', 'pre_lemma_ud_path': 'teach_â†‘detâ†‘dobj'}, {'token': 'lesson', 'NER': 'O', 'pre_lemma_ud_path': 'teach_â†‘dobj'}, {'token': '.', 'NER': 'O', 'pre_lemma_ud_path': 'teach_â†‘punct'}]	_,_,_,ARG1,_	_,_,_,_,_
The lesson was taught .	[{'token': 'The', 'NER': 'O', 'pre_lemma_ud_path': 'teach_â†‘detâ†‘nsubjpass'}, {'token': 'lesson', 'NER': 'O', 'pre_lemma_ud_path': 'teach_â†‘nsubjpass'}, {'token': 'was', 'NER': 'O', 'pre_lemma_ud_path': 'teach_â†‘auxpass'}, {'token': 'taught', 'NER': 'O', 'pre_lemma_ud_path': 'teach_'}, {'token': '.', 'NER': 'O', 'pre_lemma_ud_path': 'teach_â†‘punct'}]	_,ARG1,_,_,_	_,_,_,_,_
Clara read the book .	[{'token': 'Clara', 'NER': 'PERSON', 'pre_lemma_ud_path': 'read_â†‘nsubj'}, {'token': 'read', 'NER': 'O', 'pre_lemma_ud_path': 'read_'}, {'token': 'the', 'NER': 'O', 'pre_lemma_ud_path': 'read_â†‘detâ†‘dobj'}, {'token': 'book', 'NER': 'O', 'pre_lemma_ud_path': 'read_â†‘dobj'}, {'token': '.', 'NER': 'O', 'pre_lemma_ud_path': 'read_â†‘punct'}]	_,_,_,ARG1,_	ARG0,_,_,ARG1,_
The book was read .	[{'token': 'The', 'NER': 'O', 'pre_lemma_ud_path': 'read_â†‘detâ†‘nsubjpass'}, {'token': 'book', 'NER': 'O', 'pre_lemma_ud_path': 'read_â†‘nsubjpass'}, {'token': 'was', 'NER': 'O', 'pre_lemma_ud_path': 'read_â†‘auxpass'}, {'token': 'read', 'NER': 'O', 'pre_lemma_ud_path': 'read_'}, {'token': '.', 'NER': 'O', 'pre_lemma_ud_path': 'read_â†‘punct'}]	_,ARG1,_,_,_	_,_,_,_,_
Henry ran the experiment .	[{'token': 'Henry', 'NER': 'PERSON', 'pre_lemma_ud_path': 'run_â†‘nsubj'}, {'token': 'ran', 'NER': 'O', 'pre_lemma_ud_path': 'run_'}, {'token': 'the', 'NER': 'O', 'pre_lemma_ud_path': 'run_â†‘detâ†‘dobj'}, {'token': 'experiment', 'NER': 'O', 'pre_lemma_ud_path': 'run_â†‘dobj'}, {'token': '.', 'NER': 'O', 'pre_lemma_ud_path': 'run_â†‘punct'}]	_,_,_,ARG1,_	ARG0,_,_,ARG1,_
The experiment was run .	[{'token': 'The', 'NER': 'O', 'pre_lemma_ud_path': 'run_â†‘detâ†‘nsubjpass'}, {'token': 'experiment', 'NER': 'O', 'pre_lemma_ud_path': 'run_â†‘nsubjpass'}, {'token': 'was', 'NER': 'O', 'pre_lemma_ud_path': 'run_â†‘auxpass'}, {'token': 'run', 'NER': 'O', 'pre_lemma_ud_path': 'run_'}, {'token': '.', 'NER': 'O', 'pre_lemma_ud_path': 'run_â†‘punct'}]	_,ARG1,_,_,_	_,ARG1,_,_,_
Diana found the element .	[{'token': 'Diana', 'NER': 'PERSON', 'pre_lemma_ud_path': 'find_â†‘nsubj'}, {'token': 'found', 'NER': 'O', 'pre_lemma_ud_path': 'find_'}, {'token': 'the', 'NER': 'O', 'pre_lemma_ud_path': 'find_â†‘detâ†‘dobj'}, {'token': 'element', 'NER': 'O', 'pre_lemma_ud_path': 'find_â†‘dobj'}, {'token': '.', 'NER': 'O', 'pre_lemma_ud_path': 'find_â†‘punct'}]	_,_,_,ARG1,_	ARG0,_,_,ARG1,_
The element was found .	[{'token': 'The', 'NER': 'O', 'pre_lemma_ud_path': 'find_â†‘detâ†‘nsubjpass'}, {'token': 'element', 'NER': 'O', 'pre_lemma_ud_path': 'find_â†‘nsubjpass'}, {'token': 'was', 'NER': 'O', 'pre_lemma_ud_path': 'find_â†‘auxpass'}, {'token': 'found', 'NER': 'O', 'pre_lemma_ud_path': 'find_'}, {'token': '.', 'NER': 'O', 'pre_lemma_ud_path': 'find_â†‘punct'}]	_,ARG1,_,_,_	_,_,_,_,_
Victor solved the crime .	[{'token': 'Victor', 'NER': 'PERSON', 'pre_lemma_ud_path': 'solve_â†‘nsubj'}, {'token': 'solved', 'NER': 'O', 'pre_lemma_ud_path': 'solve_'}, {'token': 'the', 'NER': 'O', 'pre_lemma_ud_path': 'solve_â†‘detâ†‘dobj'}, {'token': 'crime', 'NER': 'O', 'pre_lemma_ud_path': 'solve_â†‘dobj'}, {'token': '.', 'NER': 'O', 'pre_lemma_ud_path': 'solve_â†‘punct'}]	_,_,_,ARG1,_	_,_,_,ARG1,_
The crime was solved .	[{'token': 'The', 'NER': 'O', 'pre_lemma_ud_path': 'solve_â†‘detâ†‘nsubjpass'}, {'token': 'crime', 'NER': 'O', 'pre_lemma_ud_path': 'solve_â†‘nsubjpass'}, {'token': 'was', 'NER': 'O', 'pre_lemma_ud_path': 'solve_â†‘auxpass'}, {'token': 'solved', 'NER': 'O', 'pre_lemma_ud_path': 'solve_'}, {'token': '.', 'NER': 'O', 'pre_lemma_ud_path': 'solve_â†‘punct'}]	_,ARG1,_,_,_	_,_,_,_,_
Fiona caught the thief .	[{'token': 'Fiona', 'NER': 'PERSON', 'pre_lemma_ud_path': 'catch_â†‘nsubj'}, {'token': 'caught', 'NER': 'O', 'pre_lemma_ud_path': 'catch_'}, {'token': 'the', 'NER': 'O', 'pre_lemma_ud_path': 'catch_â†‘detâ†‘dobj'}, {'token': 'thief', 'NER': 'O', 'pre_lemma_ud_path': 'catch_â†‘dobj'}, {'token': '.', 'NER': 'O', 'pre_lemma_ud_path': 'catch_â†‘punct'}]	_,_,_,ARG1,_	ARG0,_,_,ARG1,_
The thief was caught by Fiona .	[{'token': 'The', 'NER': 'O', 'pre_lemma_ud_path': 'catch_â†‘detâ†‘nsubjpass'}, {'token': 'thief', 'NER': 'O', 'pre_lemma_ud_path': 'catch_â†‘nsubjpass'}, {'token': 'was', 'NER': 'O', 'pre_lemma_ud_path': 'catch_â†‘auxpass'}, {'token': 'caught', 'NER': 'O', 'pre_lemma_ud_path': 'catch_'}, {'token': 'by', 'NER': 'O', 'pre_lemma_ud_path': 'catch_â†‘agent'}, {'token': 'Fiona', 'NER': 'PERSON', 'pre_lemma_ud_path': 'catch_â†‘pobjâ†‘agent'}, {'token': '.', 'NER': 'O', 'pre_lemma_ud_path': 'catch_â†‘punct'}]	_,ARG1,_,_,_,_,_	_,ARG1,_,_,_,_,_
Oscar sentenced the criminal .	[{'token': 'Oscar', 'NER': 'PERSON', 'pre_lemma_ud_path': 'sentence_â†‘nsubj'}, {'token': 'sentenced', 'NER': 'O', 'pre_lemma_ud_path': 'sentence_'}, {'token': 'the', 'NER': 'O', 'pre_lemma_ud_path': 'sentence_â†‘detâ†‘dobj'}, {'token': 'criminal', 'NER': 'O', 'pre_lemma_ud_path': 'sentence_â†‘dobj'}, {'token': '.', 'NER': 'O', 'pre_lemma_ud_path': 'sentence_â†‘punct'}]	_,_,_,ARG1,_	_,_,_,_,_
The criminal was sentenced by Oscar .	[{'token': 'The', 'NER': 'O', 'pre_lemma_ud_path': 'sentence_â†‘detâ†‘nsubjpass'}, {'token': 'criminal', 'NER': 'O', 'pre_lemma_ud_path': 'sentence_â†‘nsubjpass'}, {'token': 'was', 'NER': 'O', 'pre_lemma_ud_path': 'sentence_â†‘auxpass'}, {'token': 'sentenced', 'NER': 'O', 'pre_lemma_ud_path': 'sentence_'}, {'token': 'by', 'NER': 'O', 'pre_lemma_ud_path': 'sentence_â†‘agent'}, {'token': 'Oscar', 'NER': 'PERSON', 'pre_lemma_ud_path': 'sentence_â†‘pobjâ†‘agent'}, {'token': '.', 'NER': 'O', 'pre_lemma_ud_path': 'sentence_â†‘punct'}]	_,ARG1,_,_,_,_,_	_,_,_,_,_,_,_
Grace defended the client .	[{'token': 'Grace', 'NER': 'PERSON', 'pre_lemma_ud_path': 'defend_â†‘nsubj'}, {'token': 'defended', 'NER': 'O', 'pre_lemma_ud_path': 'defend_'}, {'token': 'the', 'NER': 'O', 'pre_lemma_ud_path': 'defend_â†‘detâ†‘dobj'}, {'token': 'client', 'NER': 'O', 'pre_lemma_ud_path': 'defend_â†‘dobj'}, {'token': '.', 'NER': 'O', 'pre_lemma_ud_path': 'defend_â†‘punct'}]	_,_,_,ARG1,_	_,_,_,ARG1,_
The client was defended by Grace .	[{'token': 'The', 'NER': 'O', 'pre_lemma_ud_path': 'defend_â†‘detâ†‘nsubjpass'}, {'token': 'client', 'NER': 'O', 'pre_lemma_ud_path': 'defend_â†‘nsubjpass'}, {'token': 'was', 'NER': 'O', 'pre_lemma_ud_path': 'defend_â†‘auxpass'}, {'token': 'defended', 'NER': 'O', 'pre_lemma_ud_path': 'defend_'}, {'token': 'by', 'NER': 'O', 'pre_lemma_ud_path': 'defend_â†‘agent'}, {'token': 'Grace', 'NER': 'ORG', 'pre_lemma_ud_path': 'defend_â†‘pobjâ†‘agent'}, {'token': '.', 'NER': 'O', 'pre_lemma_ud_path': 'defend_â†‘punct'}]	_,ARG1,_,_,_,_,_	_,_,_,_,_,_,_
Noah delivered the verdict .	[{'token': 'Noah', 'NER': 'PERSON', 'pre_lemma_ud_path': 'deliver_â†‘nsubj'}, {'token': 'delivered', 'NER': 'O', 'pre_lemma_ud_path': 'deliver_'}, {'token': 'the', 'NER': 'O', 'pre_lemma_ud_path': 'deliver_â†‘detâ†‘dobj'}, {'token': 'verdict', 'NER': 'O', 'pre_lemma_ud_path': 'deliver_â†‘dobj'}, {'token': '.', 'NER': 'O', 'pre_lemma_ud_path': 'deliver_â†‘punct'}]	_,_,_,ARG1,_	ARG0,_,_,ARG1,_
The verdict was delivered by Noah .	[{'token': 'The', 'NER': 'O', 'pre_lemma_ud_path': 'deliver_â†‘detâ†‘nsubjpass'}, {'token': 'verdict', 'NER': 'O', 'pre_lemma_ud_path': 'deliver_â†‘nsubjpass'}, {'token': 'was', 'NER': 'O', 'pre_lemma_ud_path': 'deliver_â†‘auxpass'}, {'token': 'delivered', 'NER': 'O', 'pre_lemma_ud_path': 'deliver_'}, {'token': 'by', 'NER': 'O', 'pre_lemma_ud_path': 'deliver_â†‘agent'}, {'token': 'Noah', 'NER': 'PERSON', 'pre_lemma_ud_path': 'deliver_â†‘pobjâ†‘agent'}, {'token': '.', 'NER': 'O', 'pre_lemma_ud_path': 'deliver_â†‘punct'}]	_,ARG1,_,_,_,_,_	_,ARG1,_,_,_,_,_
Mia hired the employee .	[{'token': 'Mia', 'NER': 'PERSON', 'pre_lemma_ud_path': 'hire_â†‘nsubj'}, {'token': 'hired', 'NER': 'O', 'pre_lemma_ud_path': 'hire_'}, {'token': 'the', 'NER': 'O', 'pre_lemma_ud_path': 'hire_â†‘detâ†‘dobj'}, {'token': 'employee', 'NER': 'O', 'pre_lemma_ud_path': 'hire_â†‘dobj'}, {'token': '.', 'NER': 'O', 'pre_lemma_ud_path': 'hire_â†‘punct'}]	_,_,_,ARG1,_	_,_,_,_,_
The employee was hired by Mia .	[{'token': 'The', 'NER': 'O', 'pre_lemma_ud_path': 'hire_â†‘detâ†‘nsubjpass'}, {'token': 'employee', 'NER': 'O', 'pre_lemma_ud_path': 'hire_â†‘nsubjpass'}, {'token': 'was', 'NER': 'O', 'pre_lemma_ud_path': 'hire_â†‘auxpass'}, {'token': 'hired', 'NER': 'O', 'pre_lemma_ud_path': 'hire_'}, {'token': 'by', 'NER': 'O', 'pre_lemma_ud_path': 'hire_â†‘agent'}, {'token': 'Mia', 'NER': 'PERSON', 'pre_lemma_ud_path': 'hire_â†‘pobjâ†‘agent'}, {'token': '.', 'NER': 'O', 'pre_lemma_ud_path': 'hire_â†‘punct'}]	_,ARG1,_,_,_,_,_	_,_,_,_,_,_,_
Liam fired the worker .	[{'token': 'Liam', 'NER': 'PERSON', 'pre_lemma_ud_path': 'fire_â†‘nsubj'}, {'token': 'fired', 'NER': 'O', 'pre_lemma_ud_path': 'fire_'}, {'token': 'the', 'NER': 'O', 'pre_lemma_ud_path': 'fire_â†‘detâ†‘dobj'}, {'token': 'worker', 'NER': 'O', 'pre_lemma_ud_path': 'fire_â†‘dobj'}, {'token': '.', 'NER': 'O', 'pre_lemma_ud_path': 'fire_â†‘punct'}]	_,_,_,ARG1,_	_,_,_,_,_
The worker was fired by Liam .	[{'token': 'The', 'NER': 'O', 'pre_lemma_ud_path': 'fire_â†‘detâ†‘nsubjpass'}, {'token': 'worker', 'NER': 'O', 'pre_lemma_ud_path': 'fire_â†‘nsubjpass'}, {'token': 'was', 'NER': 'O', 'pre_lemma_ud_path': 'fire_â†‘auxpass'}, {'token': 'fired', 'NER': 'O', 'pre_lemma_ud_path': 'fire_'}, {'token': 'by', 'NER': 'O', 'pre_lemma_ud_path': 'fire_â†‘agent'}, {'token': 'Liam', 'NER': 'PERSON', 'pre_lemma_ud_path': 'fire_â†‘pobjâ†‘agent'}, {'token': '.', 'NER': 'O', 'pre_lemma_ud_path': 'fire_â†‘punct'}]	_,ARG1,_,_,_,_,_	_,_,_,_,_,_,_
Chloe launched the product .	[{'token': 'Chloe', 'NER': 'PERSON', 'pre_lemma_ud_path': 'launch_â†‘nsubj'}, {'token': 'launched', 'NER': 'O', 'pre_lemma_ud_path': 'launch_'}, {'token': 'the', 'NER': 'O', 'pre_lemma_ud_path': 'launch_â†‘detâ†‘dobj'}, {'token': 'product', 'NER': 'O', 'pre_lemma_ud_path': 'launch_â†‘dobj'}, {'token': '.', 'NER': 'O', 'pre_lemma_ud_path': 'launch_â†‘punct'}]	_,_,_,ARG1,_	ARG0,_,_,ARG1,_
The product was launched by Chloe .	[{'token': 'The', 'NER': 'O', 'pre_lemma_ud_path': 'launch_â†‘detâ†‘nsubjpass'}, {'token': 'product', 'NER': 'O', 'pre_lemma_ud_path': 'launch_â†‘nsubjpass'}, {'token': 'was', 'NER': 'O', 'pre_lemma_ud_path': 'launch_â†‘auxpass'}, {'token': 'launched', 'NER': 'O', 'pre_lemma_ud_path': 'launch_'}, {'token': 'by', 'NER': 'O', 'pre_lemma_ud_path': 'launch_â†‘agent'}, {'token': 'Chloe', 'NER': 'PERSON', 'pre_lemma_ud_path': 'launch_â†‘pobjâ†‘agent'}, {'token': '.', 'NER': 'O', 'pre_lemma_ud_path': 'launch_â†‘punct'}]	_,ARG1,_,_,_,_,_	_,_,_,_,_,_,_
Ethan won the match .	[{'token': 'Ethan', 'NER': 'PERSON', 'pre_lemma_ud_path': 'win_â†‘nsubj'}, {'token': 'won', 'NER': 'O', 'pre_lemma_ud_path': 'win_'}, {'token': 'the', 'NER': 'O', 'pre_lemma_ud_path': 'win_â†‘detâ†‘dobj'}, {'token': 'match', 'NER': 'O', 'pre_lemma_ud_path': 'win_â†‘dobj'}, {'token': '.', 'NER': 'O', 'pre_lemma_ud_path': 'win_â†‘punct'}]	_,_,_,ARG1,_	ARG0,_,_,_,_
The match was won by Ethan .	[{'token': 'The', 'NER': 'O', 'pre_lemma_ud_path': 'win_â†‘detâ†‘nsubjpass'}, {'token': 'match', 'NER': 'O', 'pre_lemma_ud_path': 'win_â†‘nsubjpass'}, {'token': 'was', 'NER': 'O', 'pre_lemma_ud_path': 'win_â†‘auxpass'}, {'token': 'won', 'NER': 'O', 'pre_lemma_ud_path': 'win_'}, {'token': 'by', 'NER': 'O', 'pre_lemma_ud_path': 'win_â†‘agent'}, {'token': 'Ethan', 'NER': 'PERSON', 'pre_lemma_ud_path': 'win_â†‘pobjâ†‘agent'}, {'token': '.', 'NER': 'O', 'pre_lemma_ud_path': 'win_â†‘punct'}]	_,ARG1,_,_,_,_,_	_,_,_,_,_,_,_
Zoe scored the goal .	[{'token': 'Zoe', 'NER': 'PERSON', 'pre_lemma_ud_path': 'score_â†‘nsubj'}, {'token': 'scored', 'NER': 'O', 'pre_lemma_ud_path': 'score_'}, {'token': 'the', 'NER': 'O', 'pre_lemma_ud_path': 'score_â†‘detâ†‘dobj'}, {'token': 'goal', 'NER': 'O', 'pre_lemma_ud_path': 'score_â†‘dobj'}, {'token': '.', 'NER': 'O', 'pre_lemma_ud_path': 'score_â†‘punct'}]	_,_,_,ARG1,_	_,_,_,_,_
The goal was scored by Zoe .	[{'token': 'The', 'NER': 'O', 'pre_lemma_ud_path': 'score_â†‘detâ†‘nsubjpass'}, {'token': 'goal', 'NER': 'O', 'pre_lemma_ud_path': 'score_â†‘nsubjpass'}, {'token': 'was', 'NER': 'O', 'pre_lemma_ud_path': 'score_â†‘auxpass'}, {'token': 'scored', 'NER': 'O', 'pre_lemma_ud_path': 'score_'}, {'token': 'by', 'NER': 'O', 'pre_lemma_ud_path': 'score_â†‘agent'}, {'token': 'Zoe', 'NER': 'PERSON', 'pre_lemma_ud_path': 'score_â†‘pobjâ†‘agent'}, {'token': '.', 'NER': 'O', 'pre_lemma_ud_path': 'score_â†‘punct'}]	_,ARG1,_,_,_,_,_	_,_,_,_,_,_,_
Luke blew the whistle .	[{'token': 'Luke', 'NER': 'PERSON', 'pre_lemma_ud_path': 'blow_â†‘nsubj'}, {'token': 'blew', 'NER': 'O', 'pre_lemma_ud_path': 'blow_'}, {'token': 'the', 'NER': 'O', 'pre_lemma_ud_path': 'blow_â†‘detâ†‘dobj'}, {'token': 'whistle', 'NER': 'O', 'pre_lemma_ud_path': 'blow_â†‘dobj'}, {'token': '.', 'NER': 'O', 'pre_lemma_ud_path': 'blow_â†‘punct'}]	_,_,_,ARG1,_	ARG0,_,_,ARG1,_
The whistle was blown by Luke .	[{'token': 'The', 'NER': 'O', 'pre_lemma_ud_path': 'blow_â†‘detâ†‘nsubjpass'}, {'token': 'whistle', 'NER': 'O', 'pre_lemma_ud_path': 'blow_â†‘nsubjpass'}, {'token': 'was', 'NER': 'O', 'pre_lemma_ud_path': 'blow_â†‘auxpass'}, {'token': 'blown', 'NER': 'O', 'pre_lemma_ud_path': 'blow_'}, {'token': 'by', 'NER': 'O', 'pre_lemma_ud_path': 'blow_â†‘agent'}, {'token': 'Luke', 'NER': 'PERSON', 'pre_lemma_ud_path': 'blow_â†‘pobjâ†‘agent'}, {'token': '.', 'NER': 'O', 'pre_lemma_ud_path': 'blow_â†‘punct'}]	_,ARG1,_,_,_,_,_	_,_,_,_,_,_,_
Lily played the instrument .	[{'token': 'Lily', 'NER': 'O', 'pre_lemma_ud_path': 'play_â†‘nsubj'}, {'token': 'played', 'NER': 'O', 'pre_lemma_ud_path': 'play_'}, {'token': 'the', 'NER': 'O', 'pre_lemma_ud_path': 'play_â†‘detâ†‘dobj'}, {'token': 'instrument', 'NER': 'O', 'pre_lemma_ud_path': 'play_â†‘dobj'}, {'token': '.', 'NER': 'O', 'pre_lemma_ud_path': 'play_â†‘punct'}]	_,_,_,ARG1,_	_,_,_,ARG1,_
The instrument was played by Lily .	[{'token': 'The', 'NER': 'O', 'pre_lemma_ud_path': 'play_â†‘detâ†‘nsubjpass'}, {'token': 'instrument', 'NER': 'O', 'pre_lemma_ud_path': 'play_â†‘nsubjpass'}, {'token': 'was', 'NER': 'O', 'pre_lemma_ud_path': 'play_â†‘auxpass'}, {'token': 'played', 'NER': 'O', 'pre_lemma_ud_path': 'play_'}, {'token': 'by', 'NER': 'O', 'pre_lemma_ud_path': 'play_â†‘agent'}, {'token': 'Lily', 'NER': 'O', 'pre_lemma_ud_path': 'play_â†‘pobjâ†‘agent'}, {'token': '.', 'NER': 'O', 'pre_lemma_ud_path': 'play_â†‘punct'}]	_,ARG1,_,_,_,_,_	_,_,_,_,_,_,_
Adam arranged the symphony .	[{'token': 'Adam', 'NER': 'PERSON', 'pre_lemma_ud_path': 'arrange_â†‘nsubj'}, {'token': 'arranged', 'NER': 'O', 'pre_lemma_ud_path': 'arrange_'}, {'token': 'the', 'NER': 'O', 'pre_lemma_ud_path': 'arrange_â†‘detâ†‘dobj'}, {'token': 'symphony', 'NER': 'O', 'pre_lemma_ud_path': 'arrange_â†‘dobj'}, {'token': '.', 'NER': 'O', 'pre_lemma_ud_path': 'arrange_â†‘punct'}]	_,_,_,ARG1,_	_,_,_,_,_
The symphony was arranged by Adam .	[{'token': 'The', 'NER': 'O', 'pre_lemma_ud_path': 'arrange_â†‘detâ†‘nsubjpass'}, {'token': 'symphony', 'NER': 'O', 'pre_lemma_ud_path': 'arrange_â†‘nsubjpass'}, {'token': 'was', 'NER': 'O', 'pre_lemma_ud_path': 'arrange_â†‘auxpass'}, {'token': 'arranged', 'NER': 'O', 'pre_lemma_ud_path': 'arrange_'}, {'token': 'by', 'NER': 'O', 'pre_lemma_ud_path': 'arrange_â†‘agent'}, {'token': 'Adam', 'NER': 'PERSON', 'pre_lemma_ud_path': 'arrange_â†‘pobjâ†‘agent'}, {'token': '.', 'NER': 'O', 'pre_lemma_ud_path': 'arrange_â†‘punct'}]	_,ARG1,_,_,_,_,_	_,_,_,_,_,_,_
Eva performed the role .	[{'token': 'Eva', 'NER': 'PERSON', 'pre_lemma_ud_path': 'perform_â†‘nsubj'}, {'token': 'performed', 'NER': 'O', 'pre_lemma_ud_path': 'perform_'}, {'token': 'the', 'NER': 'O', 'pre_lemma_ud_path': 'perform_â†‘detâ†‘dobj'}, {'token': 'role', 'NER': 'O', 'pre_lemma_ud_path': 'perform_â†‘dobj'}, {'token': '.', 'NER': 'O', 'pre_lemma_ud_path': 'perform_â†‘punct'}]	_,_,_,ARG1,_	_,_,_,ARG1,_
The role was performed by Eva .	[{'token': 'The', 'NER': 'O', 'pre_lemma_ud_path': 'perform_â†‘detâ†‘nsubjpass'}, {'token': 'role', 'NER': 'O', 'pre_lemma_ud_path': 'perform_â†‘nsubjpass'}, {'token': 'was', 'NER': 'O', 'pre_lemma_ud_path': 'perform_â†‘auxpass'}, {'token': 'performed', 'NER': 'O', 'pre_lemma_ud_path': 'perform_'}, {'token': 'by', 'NER': 'O', 'pre_lemma_ud_path': 'perform_â†‘agent'}, {'token': 'Eva', 'NER': 'PERSON', 'pre_lemma_ud_path': 'perform_â†‘pobjâ†‘agent'}, {'token': '.', 'NER': 'O', 'pre_lemma_ud_path': 'perform_â†‘punct'}]	_,ARG1,_,_,_,_,_	_,_,_,_,_,_,_
Ryan filmed the movie .	[{'token': 'Ryan', 'NER': 'PERSON', 'pre_lemma_ud_path': 'film_â†‘nsubj'}, {'token': 'filmed', 'NER': 'O', 'pre_lemma_ud_path': 'film_'}, {'token': 'the', 'NER': 'O', 'pre_lemma_ud_path': 'film_â†‘detâ†‘dobj'}, {'token': 'movie', 'NER': 'O', 'pre_lemma_ud_path': 'film_â†‘dobj'}, {'token': '.', 'NER': 'O', 'pre_lemma_ud_path': 'film_â†‘punct'}]	_,_,_,ARG1,_	_,_,_,_,_
The movie was filmed by Ryan .	[{'token': 'The', 'NER': 'O', 'pre_lemma_ud_path': 'film_â†‘detâ†‘nsubjpass'}, {'token': 'movie', 'NER': 'O', 'pre_lemma_ud_path': 'film_â†‘nsubjpass'}, {'token': 'was', 'NER': 'O', 'pre_lemma_ud_path': 'film_â†‘auxpass'}, {'token': 'filmed', 'NER': 'O', 'pre_lemma_ud_path': 'film_'}, {'token': 'by', 'NER': 'O', 'pre_lemma_ud_path': 'film_â†‘agent'}, {'token': 'Ryan', 'NER': 'PERSON', 'pre_lemma_ud_path': 'film_â†‘pobjâ†‘agent'}, {'token': '.', 'NER': 'O', 'pre_lemma_ud_path': 'film_â†‘punct'}]	_,ARG1,_,_,_,_,_	_,_,_,_,_,_,_
Nora funded the project .	[{'token': 'Nora', 'NER': 'PERSON', 'pre_lemma_ud_path': 'fund_â†‘nsubj'}, {'token': 'funded', 'NER': 'O', 'pre_lemma_ud_path': 'fund_'}, {'token': 'the', 'NER': 'O', 'pre_lemma_ud_path': 'fund_â†‘detâ†‘dobj'}, {'token': 'project', 'NER': 'O', 'pre_lemma_ud_path': 'fund_â†‘dobj'}, {'token': '.', 'NER': 'O', 'pre_lemma_ud_path': 'fund_â†‘punct'}]	_,_,_,ARG1,_	_,_,_,ARG1,_
The project was funded by Nora .	[{'token': 'The', 'NER': 'O', 'pre_lemma_ud_path': 'fund_â†‘detâ†‘nsubjpass'}, {'token': 'project', 'NER': 'O', 'pre_lemma_ud_path': 'fund_â†‘nsubjpass'}, {'token': 'was', 'NER': 'O', 'pre_lemma_ud_path': 'fund_â†‘auxpass'}, {'token': 'funded', 'NER': 'O', 'pre_lemma_ud_path': 'fund_'}, {'token': 'by', 'NER': 'O', 'pre_lemma_ud_path': 'fund_â†‘agent'}, {'token': 'Nora', 'NER': 'PERSON', 'pre_lemma_ud_path': 'fund_â†‘pobjâ†‘agent'}, {'token': '.', 'NER': 'O', 'pre_lemma_ud_path': 'fund_â†‘punct'}]	_,ARG1,_,_,_,_,_	_,ARG1,_,_,_,_,_
Jack swept the floor .	[{'token': 'Jack', 'NER': 'PERSON', 'pre_lemma_ud_path': 'sweep_â†‘nsubj'}, {'token': 'swept', 'NER': 'O', 'pre_lemma_ud_path': 'sweep_'}, {'token': 'the', 'NER': 'O', 'pre_lemma_ud_path': 'sweep_â†‘detâ†‘dobj'}, {'token': 'floor', 'NER': 'O', 'pre_lemma_ud_path': 'sweep_â†‘dobj'}, {'token': '.', 'NER': 'O', 'pre_lemma_ud_path': 'sweep_â†‘punct'}]	_,_,_,ARG1,_	_,_,_,_,_
The floor was swept by Jack .	[{'token': 'The', 'NER': 'O', 'pre_lemma_ud_path': 'sweep_â†‘detâ†‘nsubjpass'}, {'token': 'floor', 'NER': 'O', 'pre_lemma_ud_path': 'sweep_â†‘nsubjpass'}, {'token': 'was', 'NER': 'O', 'pre_lemma_ud_path': 'sweep_â†‘auxpass'}, {'token': 'swept', 'NER': 'O', 'pre_lemma_ud_path': 'sweep_'}, {'token': 'by', 'NER': 'O', 'pre_lemma_ud_path': 'sweep_â†‘agent'}, {'token': 'Jack', 'NER': 'PERSON', 'pre_lemma_ud_path': 'sweep_â†‘pobjâ†‘agent'}, {'token': '.', 'NER': 'O', 'pre_lemma_ud_path': 'sweep_â†‘punct'}]	_,ARG1,_,_,_,_,_	_,_,_,_,_,_,_
Ruby mopped the hallway .	[{'token': 'Ruby', 'NER': 'O', 'pre_lemma_ud_path': 'mop_â†‘nsubj'}, {'token': 'mopped', 'NER': 'O', 'pre_lemma_ud_path': 'mop_'}, {'token': 'the', 'NER': 'O', 'pre_lemma_ud_path': 'mop_â†‘detâ†‘dobj'}, {'token': 'hallway', 'NER': 'O', 'pre_lemma_ud_path': 'mop_â†‘dobj'}, {'token': '.', 'NER': 'O', 'pre_lemma_ud_path': 'mop_â†‘punct'}]	_,_,_,ARG1,_	_,_,_,_,_
The hallway was mopped by Ruby .	[{'token': 'The', 'NER': 'O', 'pre_lemma_ud_path': 'mop_â†‘detâ†‘nsubjpass'}, {'token': 'hallway', 'NER': 'O', 'pre_lemma_ud_path': 'mop_â†‘nsubjpass'}, {'token': 'was', 'NER': 'O', 'pre_lemma_ud_path': 'mop_â†‘auxpass'}, {'token': 'mopped', 'NER': 'O', 'pre_lemma_ud_path': 'mop_'}, {'token': 'by', 'NER': 'O', 'pre_lemma_ud_path': 'mop_â†‘agent'}, {'token': 'Ruby', 'NER': 'ORG', 'pre_lemma_ud_path': 'mop_â†‘pobjâ†‘agent'}, {'token': '.', 'NER': 'O', 'pre_lemma_ud_path': 'mop_â†‘punct'}]	_,ARG1,_,_,_,_,_	_,_,_,_,_,_,_
Owen dusted the shelf .	[{'token': 'Owen', 'NER': 'PERSON', 'pre_lemma_ud_path': 'dust_â†‘nsubj'}, {'token': 'dusted', 'NER': 'O', 'pre_lemma_ud_path': 'dust_'}, {'token': 'the', 'NER': 'O', 'pre_lemma_ud_path': 'dust_â†‘detâ†‘dobj'}, {'token': 'shelf', 'NER': 'O', 'pre_lemma_ud_path': 'dust_â†‘dobj'}, {'token': '.', 'NER': 'O', 'pre_lemma_ud_path': 'dust_â†‘punct'}]	_,_,_,ARG1,_	_,_,_,_,_
The shelf was dusted by Owen .	[{'token': 'The', 'NER': 'O', 'pre_lemma_ud_path': 'dust_â†‘detâ†‘nsubjpass'}, {'token': 'shelf', 'NER': 'O', 'pre_lemma_ud_path': 'dust_â†‘nsubjpass'}, {'token': 'was', 'NER': 'O', 'pre_lemma_ud_path': 'dust_â†‘auxpass'}, {'token': 'dusted', 'NER': 'O', 'pre_lemma_ud_path': 'dust_'}, {'token': 'by', 'NER': 'O', 'pre_lemma_ud_path': 'dust_â†‘agent'}, {'token': 'Owen', 'NER': 'PERSON', 'pre_lemma_ud_path': 'dust_â†‘pobjâ†‘agent'}, {'token': '.', 'NER': 'O', 'pre_lemma_ud_path': 'dust_â†‘punct'}]	_,ARG1,_,_,_,_,_	_,_,_,_,_,_,_
Lucy sewed the dress .	[{'token': 'Lucy', 'NER': 'PERSON', 'pre_lemma_ud_path': 'sew_â†‘nsubj'}, {'token': 'sewed', 'NER': 'O', 'pre_lemma_ud_path': 'sew_'}, {'token': 'the', 'NER': 'O', 'pre_lemma_ud_path': 'sew_â†‘detâ†‘dobj'}, {'token': 'dress', 'NER': 'O', 'pre_lemma_ud_path': 'sew_â†‘dobj'}, {'token': '.', 'NER': 'O', 'pre_lemma_ud_path': 'sew_â†‘punct'}]	_,_,_,ARG1,_	_,_,_,_,_
The dress was sewn by Lucy .	[{'token': 'The', 'NER': 'O', 'pre_lemma_ud_path': 'sew_â†‘detâ†‘nsubjpass'}, {'token': 'dress', 'NER': 'O', 'pre_lemma_ud_path': 'sew_â†‘nsubjpass'}, {'token': 'was', 'NER': 'O', 'pre_lemma_ud_path': 'sew_â†‘auxpass'}, {'token': 'sewn', 'NER': 'O', 'pre_lemma_ud_path': 'sew_'}, {'token': 'by', 'NER': 'O', 'pre_lemma_ud_path': 'sew_â†‘agent'}, {'token': 'Lucy', 'NER': 'PERSON', 'pre_lemma_ud_path': 'sew_â†‘pobjâ†‘agent'}, {'token': '.', 'NER': 'O', 'pre_lemma_ud_path': 'sew_â†‘punct'}]	_,ARG1,_,_,_,_,_	_,_,_,_,_,_,_
Evan mended the cabling .	[{'token': 'Evan', 'NER': 'PERSON', 'pre_lemma_ud_path': 'mend_â†‘nsubj'}, {'token': 'mended', 'NER': 'O', 'pre_lemma_ud_path': 'mend_'}, {'token': 'the', 'NER': 'O', 'pre_lemma_ud_path': 'mend_â†‘detâ†‘dobj'}, {'token': 'cabling', 'NER': 'O', 'pre_lemma_ud_path': 'mend_â†‘dobj'}, {'token': '.', 'NER': 'O', 'pre_lemma_ud_path': 'mend_â†‘punct'}]	_,_,_,ARG1,_	_,_,_,_,_
The cabling was mended by Evan .	[{'token': 'The', 'NER': 'O', 'pre_lemma_ud_path': 'mend_â†‘detâ†‘nsubjpass'}, {'token': 'cabling', 'NER': 'O', 'pre_lemma_ud_path': 'mend_â†‘nsubjpass'}, {'token': 'was', 'NER': 'O', 'pre_lemma_ud_path': 'mend_â†‘auxpass'}, {'token': 'mended', 'NER': 'O', 'pre_lemma_ud_path': 'mend_'}, {'token': 'by', 'NER': 'O', 'pre_lemma_ud_path': 'mend_â†‘agent'}, {'token': 'Evan', 'NER': 'PERSON', 'pre_lemma_ud_path': 'mend_â†‘pobjâ†‘agent'}, {'token': '.', 'NER': 'O', 'pre_lemma_ud_path': 'mend_â†‘punct'}]	_,ARG1,_,_,_,_,_	_,_,_,_,_,_,_
Mila forged the sword .	[{'token': 'Mila', 'NER': 'PERSON', 'pre_lemma_ud_path': 'forge_â†‘nsubj'}, {'token': 'forged', 'NER': 'O', 'pre_lemma_ud_path': 'forge_'}, {'token': 'the', 'NER': 'O', 'pre_lemma_ud_path': 'forge_â†‘detâ†‘dobj'}, {'token': 'sword', 'NER': 'O', 'pre_lemma_ud_path': 'forge_â†‘dobj'}, {'token': '.', 'NER': 'O', 'pre_lemma_ud_path': 'forge_â†‘punct'}]	_,_,_,ARG1,_	_,_,_,_,_
The sword was forged by Mila .	[{'token': 'The', 'NER': 'O', 'pre_lemma_ud_path': 'forge_â†‘detâ†‘nsubjpass'}, {'token': 'sword', 'NER': 'O', 'pre_lemma_ud_path': 'forge_â†‘nsubjpass'}, {'token': 'was', 'NER': 'O', 'pre_lemma_ud_path': 'forge_â†‘auxpass'}, {'token': 'forged', 'NER': 'O', 'pre_lemma_ud_path': 'forge_'}, {'token': 'by', 'NER': 'O', 'pre_lemma_ud_path': 'forge_â†‘agent'}, {'token': 'Mila', 'NER': 'PERSON', 'pre_lemma_ud_path': 'forge_â†‘pobjâ†‘agent'}, {'token': '.', 'NER': 'O', 'pre_lemma_ud_path': 'forge_â†‘punct'}]	_,ARG1,_,_,_,_,_	_,_,_,_,_,_,_
Cole crafted the table .	[{'token': 'Cole', 'NER': 'PRODUCT', 'pre_lemma_ud_path': 'craft_â†‘nsubj'}, {'token': 'crafted', 'NER': 'O', 'pre_lemma_ud_path': 'craft_'}, {'token': 'the', 'NER': 'O', 'pre_lemma_ud_path': 'craft_â†‘detâ†‘dobj'}, {'token': 'table', 'NER': 'O', 'pre_lemma_ud_path': 'craft_â†‘dobj'}, {'token': '.', 'NER': 'O', 'pre_lemma_ud_path': 'craft_â†‘punct'}]	_,_,_,ARG1,_	_,_,_,_,_
The table was crafted by Cole .	[{'token': 'The', 'NER': 'O', 'pre_lemma_ud_path': 'craft_â†‘detâ†‘nsubjpass'}, {'token': 'table', 'NER': 'O', 'pre_lemma_ud_path': 'craft_â†‘nsubjpass'}, {'token': 'was', 'NER': 'O', 'pre_lemma_ud_path': 'craft_â†‘auxpass'}, {'token': 'crafted', 'NER': 'O', 'pre_lemma_ud_path': 'craft_'}, {'token': 'by', 'NER': 'O', 'pre_lemma_ud_path': 'craft_â†‘agent'}, {'token': 'Cole', 'NER': 'PRODUCT', 'pre_lemma_ud_path': 'craft_â†‘pobjâ†‘agent'}, {'token': '.', 'NER': 'O', 'pre_lemma_ud_path': 'craft_â†‘punct'}]	_,ARG1,_,_,_,_,_	_,_,_,_,_,_,_
Maya designed the building .	[{'token': 'Maya', 'NER': 'PERSON', 'pre_lemma_ud_path': 'design_â†‘nsubj'}, {'token': 'designed', 'NER': 'O', 'pre_lemma_ud_path': 'design_'}, {'token': 'the', 'NER': 'O', 'pre_lemma_ud_path': 'design_â†‘detâ†‘dobj'}, {'token': 'building', 'NER': 'O', 'pre_lemma_ud_path': 'design_â†‘dobj'}, {'token': '.', 'NER': 'O', 'pre_lemma_ud_path': 'design_â†‘punct'}]	_,_,_,ARG1,_	_,_,_,_,_
The building was designed by Maya .	[{'token': 'The', 'NER': 'O', 'pre_lemma_ud_path': 'design_â†‘detâ†‘nsubjpass'}, {'token': 'building', 'NER': 'O', 'pre_lemma_ud_path': 'design_â†‘nsubjpass'}, {'token': 'was', 'NER': 'O', 'pre_lemma_ud_path': 'design_â†‘auxpass'}, {'token': 'designed', 'NER': 'O', 'pre_lemma_ud_path': 'design_'}, {'token': 'by', 'NER': 'O', 'pre_lemma_ud_path': 'design_â†‘agent'}, {'token': 'Maya', 'NER': 'PERSON', 'pre_lemma_ud_path': 'design_â†‘pobjâ†‘agent'}, {'token': '.', 'NER': 'O', 'pre_lemma_ud_path': 'design_â†‘punct'}]	_,ARG1,_,_,_,_,_	_,ARG1,_,_,_,_,_
Sean tested the bridge .	[{'token': 'Sean', 'NER': 'PERSON', 'pre_lemma_ud_path': 'test_â†‘nsubj'}, {'token': 'tested', 'NER': 'O', 'pre_lemma_ud_path': 'test_'}, {'token': 'the', 'NER': 'O', 'pre_lemma_ud_path': 'test_â†‘detâ†‘dobj'}, {'token': 'bridge', 'NER': 'O', 'pre_lemma_ud_path': 'test_â†‘dobj'}, {'token': '.', 'NER': 'O', 'pre_lemma_ud_path': 'test_â†‘punct'}]	_,_,_,ARG1,_	_,_,_,ARG1,_
The bridge was tested by Sean .	[{'token': 'The', 'NER': 'O', 'pre_lemma_ud_path': 'test_â†‘detâ†‘nsubjpass'}, {'token': 'bridge', 'NER': 'O', 'pre_lemma_ud_path': 'test_â†‘nsubjpass'}, {'token': 'was', 'NER': 'O', 'pre_lemma_ud_path': 'test_â†‘auxpass'}, {'token': 'tested', 'NER': 'O', 'pre_lemma_ud_path': 'test_'}, {'token': 'by', 'NER': 'O', 'pre_lemma_ud_path': 'test_â†‘agent'}, {'token': 'Sean', 'NER': 'PERSON', 'pre_lemma_ud_path': 'test_â†‘pobjâ†‘agent'}, {'token': '.', 'NER': 'O', 'pre_lemma_ud_path': 'test_â†‘punct'}]	_,ARG1,_,_,_,_,_	_,_,_,_,_,_,_
Tara coded the software .	[{'token': 'Tara', 'NER': 'PERSON', 'pre_lemma_ud_path': 'cod_â†‘nsubj'}, {'token': 'coded', 'NER': 'O', 'pre_lemma_ud_path': 'cod_'}, {'token': 'the', 'NER': 'O', 'pre_lemma_ud_path': 'cod_â†‘detâ†‘dobj'}, {'token': 'software', 'NER': 'O', 'pre_lemma_ud_path': 'cod_â†‘dobj'}, {'token': '.', 'NER': 'O', 'pre_lemma_ud_path': 'cod_â†‘punct'}]	_,_,_,ARG1,_	_,_,_,_,_
The software was coded by Tara .	[{'token': 'The', 'NER': 'O', 'pre_lemma_ud_path': 'cod_â†‘detâ†‘nsubjpass'}, {'token': 'software', 'NER': 'O', 'pre_lemma_ud_path': 'cod_â†‘nsubjpass'}, {'token': 'was', 'NER': 'O', 'pre_lemma_ud_path': 'cod_â†‘auxpass'}, {'token': 'coded', 'NER': 'O', 'pre_lemma_ud_path': 'cod_'}, {'token': 'by', 'NER': 'O', 'pre_lemma_ud_path': 'cod_â†‘agent'}, {'token': 'Tara', 'NER': 'PERSON', 'pre_lemma_ud_path': 'cod_â†‘pobjâ†‘agent'}, {'token': '.', 'NER': 'O', 'pre_lemma_ud_path': 'cod_â†‘punct'}]	_,ARG1,_,_,_,_,_	_,_,_,_,_,_,_
